cell_id,effortId,search_eff,distance,occupancy
397052,2022/06/05,0.348992805755396,1.435329793591480,1
402671,2022/05/11,0.220000000000000,1.460150820002410,1
45006,2021/06/24,0.144746247319514,20.761933660486500,0
45007,2021/06/24,0.498570407433881,20.740091743345300,0
45008,2021/06/24,0.209077912794853,20.718270142886600,0
45709,2021/06/24,0.643316654753395,20.741504167778700,0
62600,2021/06/19,0.032914285714286,19.836308898127800,0
63303,2021/06/19,0.312685714285714,19.816051900160900,0
64005,2021/06/19,0.394971428571429,19.817889594357200,0
64006,2021/06/19,0.197485714285714,19.795819382168900,0
70407,2021/06/10,0.076212471131640,18.028498308871500,0
71110,2021/06/10,0.121939953810624,18.006745431562600,0
71111,2021/06/10,0.548729792147806,17.986196854840500,0
71814,2021/06/10,0.198152424942263,17.964442462208000,0
71815,2021/06/10,0.472517321016166,17.943895386000000,0
72518,2021/06/10,0.259122401847575,17.922139471136600,0
72519,2021/06/10,0.411547344110855,17.901593903053200,0
73222,2021/06/10,0.320092378752887,17.879836458999800,0
73223,2021/06/10,0.350577367205543,17.859292406700700,0
73926,2021/06/10,0.198152424942263,17.837533426454100,0
73927,2021/06/10,0.137182448036952,17.816990897656900,0
74630,2021/06/10,0.076212471131640,17.795230374162700,0
74631,2021/06/10,0.121939953810624,17.774689376642200,0
75334,2021/06/10,0.091454965357968,17.752927302797400,0
75335,2021/06/10,0.106697459584296,17.732387844381000,0
76038,2021/06/10,0.091454965357968,17.710624213031900,0
76039,2021/06/10,0.106697459584296,17.690086301607800,0
76742,2021/06/10,0.106697459584296,17.668321105549200,0
76743,2021/06/10,0.091454965357968,17.647784749062400,0
77446,2021/06/10,0.076212471131640,17.626017981041000,0
78822,2022/06/14,0.100000000000000,18.212249186410100,0
78823,2022/06/14,0.050000000000000,18.190894626836500,0
78824,2022/06/14,0.100000000000000,18.169564405301100,0
79523,2022/06/14,0.050000000000000,18.234139920287100,0
79524,2022/06/14,0.050000000000000,18.212712275072200,0
79525,2022/06/14,0.050000000000000,18.191308767186400,0
80225,2022/06/14,0.100000000000000,18.234750397084900,0
80227,2022/06/14,0.050000000000000,18.191821699040000,0
80231,2022/06/14,0.050000000000000,18.106254273467100,0
80935,2022/06/14,0.100000000000000,18.063933932577100,0
81639,2022/06/14,0.050000000000000,18.021613482252800,0
82343,2022/06/14,0.100000000000000,17.979292922523200,0
83046,2022/06/14,0.050000000000000,17.958329341106000,0
146368,2022/05/07,0.416315789473684,14.984214318379800,0
146369,2022/05/07,0.089210526315790,14.961722914747400,0
147072,2022/05/07,0.118947368421053,14.941969242012800,0
147073,2022/05/07,0.327105263157895,14.919474268315600,0
147776,2022/05/07,0.565000000000000,14.899724525937400,0
147777,2022/05/07,0.535263157894737,14.877225963092000,0
148480,2022/05/07,0.297368421052632,14.857480174192500,0
148481,2022/05/07,0.208157894736842,14.834978002964300,0
149184,2022/05/07,0.297368421052632,14.815236190868800,0
149185,2022/05/07,0.327105263157895,14.792730391860400,0
149888,2022/05/07,0.089210526315790,14.772992580101200,0
149889,2022/05/07,0.267631578947368,14.750483133758300,0
149890,2022/05/07,0.059473684210526,14.728000306250500,0
150592,2022/05/07,0.059473684210526,14.730749346067900,0
150593,2022/05/07,0.327105263157895,14.708236232671700,0
150594,2022/05/07,0.118947368421053,14.685749803782300,0
150597,2022/05/07,0.237894736842105,14.618451854826500,0
150599,2022/05/07,0.029736842105263,14.573722244948800,0
150600,2022/05/07,0.089210526315790,14.551398522456100,0
151297,2022/05/07,0.029736842105263,14.665989692673400,0
151298,2022/05/07,0.208157894736842,14.643499642833100,0
151299,2022/05/07,0.297368421052632,14.621036466927700,0
151300,2022/05/07,0.327105263157895,14.598600289012000,0
151301,2022/05/07,0.267631578947368,14.576191233754700,0
151302,2022/05/07,0.446052631578947,14.553809426439800,0
151303,2022/05/07,0.029736842105263,14.531454992977100,0
152002,2022/05/07,0.297368421052632,14.601249827354800,0
152003,2022/05/07,0.237894736842105,14.578783077758500,0
152005,2022/05/07,0.059473684210526,14.533930900927900,0
152706,2022/05/07,0.148684210526316,14.559000361344800,0
152707,2022/05/07,0.089210526315790,14.536530018487300,0
152708,2022/05/07,0.029736842105263,14.514086809304000,0
153410,2022/05/07,0.237894736842105,14.516751248841400,0
153411,2022/05/07,0.505526315789474,14.494277292990700,0
154113,2022/05/07,0.237894736842105,14.497007226521800,0
154114,2022/05/07,0.892105263157895,14.474502493935200,0
154115,2022/05/07,0.505526315789474,14.452024905191500,0
154116,2022/05/07,0.118947368421053,14.429574587140200,0
154116,2023/05/26,0.030447435431066,14.429574587140200,0
154819,2022/05/07,0.118947368421053,14.409772859061300,0
154819,2023/05/26,0.822080756638778,14.409772859061300,0
154820,2022/05/07,0.148684210526316,14.387318957065700,0
154820,2023/05/26,0.548053837759185,14.387318957065700,0
154821,2022/05/07,0.029736842105263,14.364892522983100,0
154821,2023/05/26,0.045671153146599,14.364892522983100,0
155522,2023/05/26,0.137013459439796,14.390006073520200,0
155523,2023/05/26,0.106566024008730,14.367521158615400,0
155524,2022/05/07,0.237894736842105,14.345063652775600,0
155524,2023/05/26,0.213132048017461,14.345063652775600,0
155525,2022/05/07,0.029736842105263,14.322633684930700,0
155525,2023/05/26,0.060894870862132,14.322633684930700,0
156228,2022/05/07,0.267631578947368,14.302808678166400,0
156228,2023/05/26,0.030447435431066,14.302808678166400,0
156229,2022/05/07,0.029736842105263,14.280375156841300,0
156229,2023/05/26,0.030447435431066,14.280375156841300,0
156932,2022/05/07,0.089210526315790,14.260554037175900,0
156932,2023/05/26,0.015223717715533,14.260554037175900,0
156933,2022/05/07,0.059473684210526,14.238116942483900,0
156933,2023/05/26,0.045671153146599,14.238116942483900,0
157636,2022/05/07,0.059473684210526,14.218299733789800,0
157636,2023/05/26,0.015223717715533,14.218299733789800,0
157637,2022/05/07,0.208157894736842,14.195859045672400,0
157637,2023/05/26,0.060894870862132,14.195859045672400,0
157638,2023/05/26,0.045671153146599,14.173446239710700,0
157641,2022/05/07,0.029736842105263,14.106376442952000,0
158340,2022/05/07,0.059473684210526,14.176045772045100,0
158340,2023/05/26,0.015223717715533,14.176045772045100,0
158341,2022/05/07,0.178421052631579,14.153601470271400,0
158341,2023/05/26,0.045671153146599,14.153601470271400,0
158342,2022/05/07,0.029736842105263,14.131185122902200,0
158342,2023/05/26,0.060894870862132,14.131185122902200,0
158343,2023/05/26,0.045671153146599,14.108796863183200,0
158345,2022/05/07,0.178421052631579,14.064105143073400,0
159045,2022/05/07,0.029736842105263,14.111344220184400,0
159045,2023/05/26,0.030447435431066,14.111344220184400,0
159046,2022/05/07,0.178421052631579,14.088924311367300,0
159046,2023/05/26,0.015223717715533,14.088924311367300,0
159047,2023/05/26,0.045671153146599,14.066532563585600,0
159048,2022/05/07,0.029736842105263,14.044169111536600,0
159048,2023/05/26,0.045671153146599,14.044169111536600,0
159050,2022/05/07,0.029736842105263,13.999527636880400,0
159749,2022/05/07,0.059473684210526,14.069087299365500,0
159749,2023/05/26,0.076118588577665,14.069087299365500,0
159750,2022/05/07,0.148684210526316,14.046663808887100,0
159750,2023/05/26,0.121789741724263,14.046663808887100,0
159751,2022/05/07,0.029736842105263,14.024268553203400,0
159751,2023/05/26,0.076118588577665,14.024268553203400,0
159753,2022/05/07,0.208157894736842,13.979563288833400,0
160453,2022/05/07,0.029736842105263,14.026830711819100,0
160454,2023/05/26,0.152237177155329,14.004403619287700,0
160455,2022/05/07,0.089210526315790,13.982004835689000,0
160455,2023/05/26,0.137013459439796,13.982004835689000,0
160457,2022/05/07,0.059473684210526,13.937292741062500,0
160457,2023/05/26,0.015223717715533,13.937292741062500,0
160458,2022/05/07,0.029736842105263,13.914979704680900,0
161158,2022/05/07,0.059473684210526,13.962143746439400,0
161158,2023/05/26,0.015223717715533,13.962143746439400,0
161159,2022/05/07,0.118947368421053,13.939741414734800,0
161159,2023/05/26,0.106566024008730,13.939741414734800,0
161160,2023/05/26,0.137013459439796,13.917367603546800,0
161161,2022/05/07,0.208157894736842,13.895022450645200,0
161161,2023/05/26,0.015223717715533,13.895022450645200,0
161863,2022/05/07,0.029736842105263,13.897478294088900,0
161863,2023/05/26,0.091342306293198,13.897478294088900,0
161864,2022/05/07,0.059473684210526,13.875100990134000,0
161864,2023/05/26,0.106566024008730,13.875100990134000,0
161865,2022/05/07,0.089210526315790,13.852752420979200,0
161865,2023/05/26,0.030447435431066,13.852752420979200,0
162567,2022/05/07,0.029736842105263,13.855215477531200,0
162567,2023/05/26,0.015223717715533,13.855215477531200,0
162568,2022/05/07,0.148684210526316,13.832834660658000,0
162568,2023/05/26,0.076118588577665,13.832834660658000,0
162569,2022/05/07,0.208157894736842,13.810482655502700,0
162569,2023/05/26,0.060894870862132,13.810482655502700,0
163271,2023/05/26,0.015223717715533,13.812952968895500,0
163272,2022/05/07,0.148684210526316,13.790568618775400,0
163272,2023/05/26,0.076118588577665,13.790568618775400,0
163273,2022/05/07,0.118947368421053,13.768213157687000,0
163273,2023/05/26,0.091342306293198,13.768213157687000,0
163274,2023/05/26,0.015223717715533,13.745886726583500,0
163975,2023/05/26,0.015223717715533,13.770690772064700,0
163976,2022/05/07,0.029736842105263,13.748302868183200,0
163976,2023/05/26,0.015223717715533,13.748302868183200,0
163977,2022/05/07,0.059473684210526,13.725943931059000,0
163977,2023/05/26,0.091342306293198,13.725943931059000,0
163978,2022/05/07,0.029736842105263,13.703614102482500,0
163978,2023/05/26,0.060894870862132,13.703614102482500,0
163979,2023/05/26,0.015223717715533,13.681313524978600,0
164681,2022/05/07,0.029736842105263,13.683674979182900,0
164681,2023/05/26,0.015223717715533,13.683674979182900,0
164682,2022/05/07,0.059473684210526,13.661341733264800,0
164682,2023/05/26,0.060894870862132,13.661341733264800,0
164683,2022/05/07,0.029736842105263,13.639037818249900,0
164683,2023/05/26,0.076118588577665,13.639037818249900,0
164684,2023/05/26,0.015223717715533,13.616763378274800,0
165385,2023/05/26,0.015223717715533,13.641406305665900,0
165386,2023/05/26,0.030447435431066,13.619069622358400,0
165387,2023/05/26,0.030447435431066,13.596762350217700,0
165388,2023/05/26,0.045671153146599,13.574484634238200,0
166090,2023/05/26,0.030447435431066,13.576797773239100,0
166091,2023/05/26,0.015223717715533,13.554487124172900,0
166092,2023/05/26,0.030447435431066,13.532206112834800,0
166093,2023/05/26,0.045671153146599,13.509954885864400,0
166094,2023/05/26,0.015223717715533,13.487733590668500,0
166794,2023/05/26,0.015223717715533,13.534526189420000,0
166795,2023/05/26,0.030447435431066,13.512212143454400,0
166797,2023/05/26,0.045671153146599,13.467673358261100,0
166798,2023/05/26,0.030447435431066,13.445448914867100,0
167499,2023/05/26,0.030447435431066,13.469937411439100,0
167500,2023/05/26,0.015223717715533,13.447649750607400,0
167501,2023/05/26,0.015223717715533,13.425392040392500,0
168203,2023/05/26,0.015223717715533,13.427662931548100,0
168204,2023/05/26,0.030447435431066,13.405371916222800,0
168205,2023/05/26,0.030447435431066,13.383110935325200,0
168908,2023/05/26,0.030447435431066,13.363094317351800,0
168909,2023/05/26,0.030447435431066,13.340830046157400,0
169612,2023/05/26,0.030447435431066,13.320816957313300,0
169613,2023/05/26,0.045671153146599,13.298549376029100,0
170316,2023/05/26,0.015223717715533,13.278539839476700,0
170317,2023/05/26,0.060894870862132,13.256268928126000,0
170318,2023/05/26,0.045671153146599,13.234028458335200,0
171021,2023/05/26,0.030447435431066,13.213988705665600,0
171022,2023/05/26,0.076118588577665,13.191744972271900,0
171023,2023/05/26,0.060894870862132,13.169531921759700,0
171024,2023/05/26,0.015223717715533,13.147349709644000,0
171727,2023/05/26,0.015223717715533,13.127245449149600,0
171728,2023/05/26,0.015223717715533,13.105060130695700,0
262714,2020/06/26,0.281739130434783,5.016203783706000,0
262715,2020/06/26,0.422608695652174,5.011947688864790,0
262716,2020/06/26,0.062608695652174,5.007867595619990,0
263419,2020/06/26,0.031304347826087,4.978220627223800,0
263420,2020/06/26,0.031304347826087,4.974293679100780,0
264124,2020/06/26,0.031304347826087,4.940854760535290,0
264125,2020/06/26,0.344347826086957,4.937262455280310,0
264126,2020/06/26,0.125217391304348,4.933849849998380,0
264829,2020/06/26,0.125217391304348,4.904120305362530,0
274702,2022/06/12,0.259636363636364,4.471202375296420,0
274703,2022/05/01,1.425000000000000,4.473872424485350,0
275405,2022/06/12,0.778909090909091,4.441398297542740,0
275406,2022/05/01,0.757978723404255,4.444086267762810,0
275406,2022/06/12,0.778909090909091,4.444086267762810,0
275407,2022/05/01,0.424468085106383,4.446974907745380,0
275407,2022/05/29,1.020731707317070,4.446974907745380,0
275407,2022/06/12,1.298181818181820,4.446974907745380,0
275408,2022/05/01,0.363829787234043,4.450063826713730,0
275408,2022/05/29,0.263414634146341,4.450063826713730,0
275408,2022/06/12,0.778909090909091,4.450063826713730,0
275409,2022/05/01,0.121276595744681,4.453352607916710,0
275409,2022/05/29,0.065853658536585,4.453352607916710,0
275409,2022/06/12,0.259636363636364,4.453352607916710,0
275410,2022/05/01,0.333510638297872,4.456840808908360,0
275411,2022/05/01,0.090957446808511,4.460527961839940,0
276109,2022/05/01,0.636702127659575,4.414301854319680,0
276111,2022/05/01,0.242553191489362,4.420319722928010,0
276111,2022/05/29,0.098780487804878,4.420319722928010,0
276111,2022/06/12,0.259636363636364,4.420319722928010,0
276112,2022/05/01,0.545744680851064,4.423630635424510,0
276112,2022/05/29,0.296341463414634,4.423630635424510,0
276112,2022/06/12,0.259636363636364,4.423630635424510,0
276113,2022/05/01,0.757978723404255,4.427142273633300,0
276113,2022/05/29,0.559756097560976,4.427142273633300,0
276113,2022/06/12,2.077090909090910,4.427142273633300,0
276114,2022/05/01,0.788297872340426,4.430854160302820,0
276114,2022/05/29,0.362195121951220,4.430854160302820,0
276114,2022/06/12,0.778909090909091,4.430854160302820,0
276115,2022/05/01,0.242553191489362,4.434765792609400,0
276115,2022/05/29,0.065853658536585,4.434765792609400,0
276115,2022/06/12,0.519272727272727,4.434765792609400,0
276116,2022/05/01,0.030319148936170,4.438876642495230,0
276811,2022/05/01,0.030319148936170,4.381794679496470,0
276812,2022/05/01,0.333510638297872,4.384519219657360,0
276813,2022/05/01,0.272872340425532,4.387447109428780,0
276814,2022/05/01,0.030319148936170,4.390577941995540,0
276817,2022/06/12,0.259636363636364,4.401183625132730,0
276818,2022/05/01,0.181914893617021,4.405121625300510,0
276818,2022/05/29,0.790243902439024,4.405121625300510,0
276818,2022/06/12,1.557818181818180,4.405121625300510,0
276819,2022/05/01,0.970212765957447,4.409260135382020,0
276819,2022/05/29,0.460975609756098,4.409260135382020,0
276819,2022/06/12,1.817454545454550,4.409260135382020,0
276820,2022/05/01,0.151595744680851,4.413598591335510,0
276820,2022/05/29,0.230487804878049,4.413598591335510,0
276820,2022/06/12,0.519272727272727,4.413598591335510,0
276821,2022/05/01,0.727659574468085,4.418136404144240,0
276821,2022/05/29,0.032926829268293,4.418136404144240,0
276821,2022/06/12,0.519272727272727,4.418136404144240,0
276822,2022/05/01,0.394148936170213,4.422872960193360,0
277515,2022/05/01,0.090957446808511,4.354738400239230,0
277524,2022/05/29,0.197560975609756,4.388583896977730,0
277525,2022/05/01,0.848936170212766,4.393352339837880,0
277525,2022/05/29,0.460975609756098,4.393352339837880,0
277525,2022/06/12,1.298181818181820,4.393352339837880,0
277526,2022/05/01,0.515425531914894,4.398320148528870,0
277526,2022/05/29,0.526829268292683,4.398320148528870,0
277526,2022/06/12,0.259636363636364,4.398320148528870,0
278130,2023/05/27,0.596421471172962,4.846727208729990,0
278131,2023/05/27,1.013916500994040,4.833023800753980,0
278132,2023/05/27,0.954274353876740,4.819468090657040,0
278133,2023/05/27,0.954274353876740,4.806061328204270,0
278134,2023/05/27,3.166686070434790,4.792804763334690,0
278135,2023/05/27,2.590047555525140,4.779699645779480,0
278136,2023/05/27,0.059642147117296,4.766747224646490,0
278218,2022/05/01,0.060638297872340,4.324959433536600,0
278219,2022/05/01,0.030319148936170,4.327927648184370,0
278235,2020/05/04,0.383720930232558,4.403020138242700,0
278236,2020/05/04,0.353023255813953,4.409405434722780,0
278237,2020/05/04,0.506511627906977,4.415985216603330,0
278837,2023/05/27,0.417495029821074,4.765954026256260,0
278838,2023/05/27,4.441780252770370,4.752774801262920,0
278839,2023/05/27,24.621767060662100,4.739748732550900,0
278840,2023/05/27,0.536779324055666,4.726877086298520,0
278937,2020/05/04,0.046046511627907,4.367543512627680,0
278938,2020/05/04,0.061395348837209,4.373774957805870,0
278939,2020/05/04,0.107441860465116,4.380202921500070,0
278940,2020/05/04,0.153488372093023,4.386826539842880,0
279541,2023/05/27,0.715705765407555,4.725885921060120,0
279542,2023/05/27,14.378698224852100,4.712785462064270,0
279640,2020/05/04,0.138139534883721,4.338265425933490,0
279641,2020/05/04,0.076744186046512,4.344538899011550,0
280343,2020/05/04,0.122790697674419,4.308996089170310,0
281045,2020/05/04,0.046046511627907,4.273577519669450,0
281046,2020/05/04,0.030697674418605,4.279735681830390,0
281748,2020/05/04,0.076744186046512,4.244283751443650,0
282450,2020/05/04,0.030697674418605,4.208959506339640,0
282451,2020/05/04,0.046046511627907,4.214998710276580,0
283153,2020/05/04,0.061395348837209,4.179641041562960,0
283856,2020/05/04,0.076744186046512,4.150331090993010,0
284558,2020/05/04,0.076744186046512,4.115071247630420,0
285261,2020/05/04,0.260930232558140,4.085736123874260,0
287415,2021/05/05,0.015000000000000,4.469008604802200,0
287416,2021/05/05,0.210000000000000,4.483534760226390,0
287417,2021/05/05,0.660000000000000,4.498214012632420,0
288120,2021/05/05,0.300000000000000,4.472196293614210,0
288823,2021/05/05,0.060000000000000,4.446227602158430,0
288824,2021/05/05,0.210000000000000,4.461231444654440,0
298695,2022/06/13,0.123323076923077,4.637556432508490,0
298697,2022/06/13,0.123323076923077,4.678034840219400,0
299398,2022/06/13,0.123323076923077,4.615430943769480,0
299399,2022/06/13,0.616615384615385,4.635713992114500,0
299400,2022/06/13,0.863261538461539,4.656101923454170,0
299402,2022/06/13,0.123323076923077,4.697186965209660,0
299932,2022/06/08,0.036541353383459,3.903516087039170,0
300103,2022/06/13,0.863261538461539,4.634258310579470,0
300104,2022/06/13,0.123323076923077,4.654846023781070,0
300105,2022/06/13,0.184984615384615,4.675535521800940,0
300106,2022/06/13,0.061661538461538,4.696325459408990,0
300109,2022/06/13,0.123323076923077,4.759284715498480,0
300110,2022/06/13,0.061661538461538,4.780463302487020,0
300635,2022/06/08,0.073082706766917,3.877661556405180,0
300636,2020/05/31,0.015357142857143,3.862613924344720,0
300636,2022/06/08,0.219248120300752,3.862613924344720,0
300806,2022/06/13,0.246646153846154,4.612505270325740,0
300807,2022/06/13,0.308307692307692,4.633189755540750,0
300808,2022/06/13,0.308307692307692,4.653975639937260,0
300809,2022/06/13,0.123323076923077,4.674861570957690,0
300814,2022/06/13,0.061661538461538,4.780745812435180,0
301338,2022/06/08,0.109624060150376,3.851865815700530,0
301339,2020/05/31,0.168928571428571,3.836716932448660,0
301339,2022/06/08,0.292330827067669,3.836716932448660,0
301340,2022/06/08,0.036541353383459,3.821743436102030,0
301512,2022/06/13,0.123323076923077,4.653490991325220,0
301513,2022/06/13,0.308307692307692,4.674571682638490,0
301514,2022/06/13,0.184984615384615,4.695749348057420,0
301515,2022/06/13,0.369969230769231,4.717022681446390,0
301517,2022/06/13,0.184984615384615,4.759851215512150,0
302041,2022/06/08,0.036541353383459,3.826130053973380,0
302042,2020/05/31,0.184285714285714,3.810878786128050,0
302215,2022/06/13,0.061661538461538,4.632215011912880,0
302742,2022/06/08,0.073082706766917,3.831684996674140,0
302743,2022/06/08,0.073082706766917,3.815984296968600,0
302745,2020/05/31,0.030714285714286,3.785100690438080,0
302746,2020/05/31,0.138214285714286,3.769922025433320,0
303445,2022/06/08,0.036541353383459,3.806283192674010,0
303446,2022/06/08,0.036541353383459,3.790477191536600,0
303449,2020/05/31,0.184285714285714,3.744100878434280,0
304149,2022/06/08,0.073082706766917,3.765034971322470,0
304152,2020/05/31,0.168928571428571,3.718341096352550,0
304852,2022/06/08,0.328872180451128,3.739658960602270,0
304855,2020/05/31,0.061428571428571,3.692643963391940,0
304856,2020/05/31,0.122857142857143,3.677328105835980,0
305554,2022/06/08,0.036541353383459,3.730479338411090,0
305555,2022/06/08,0.438496240601504,3.714350516352240,0
305556,2022/06/08,0.401954887218045,3.698394650968400,0
305559,2020/05/31,0.168928571428571,3.651587344466740,0
306257,2022/06/08,0.328872180451128,3.705349803374750,0
306258,2022/06/08,0.146165413533835,3.689111029115380,0
306260,2022/06/08,0.219248120300752,3.657155311114470,0
306262,2020/05/31,0.168928571428571,3.625910655364980,0
306959,2022/06/08,0.219248120300752,3.696812851910560,0
306960,2022/06/08,0.109624060150376,3.680291842543340,0
306963,2022/06/08,0.036541353383459,3.631764577556410,0
306964,2022/06/08,0.073082706766917,3.615941799343770,0
306965,2020/05/31,0.092142857142857,3.600299409353460,0
306966,2020/05/31,0.092142857142857,3.584839768951000,0
307662,2022/06/08,0.109624060150376,3.671940441574590,0
307668,2022/06/08,0.109624060150376,3.574755012990720,0
307669,2020/05/31,0.168928571428571,3.559184336193840,0
307669,2022/06/08,0.073082706766917,3.559184336193840,0
307670,2022/06/08,0.036541353383459,3.543799158543080,0
307673,2022/06/08,0.036541353383459,3.498780943867820,0
307677,2022/06/08,0.036541353383459,3.441502094007730,0
307830,2022/06/04,0.106346153846154,4.272290681763560,0
308372,2020/05/31,0.184285714285714,3.533595890637540,0
308373,2022/06/08,0.036541353383459,3.518098729300250,0
308374,2022/06/08,0.036541353383459,3.502789892430140,0
308375,2022/06/08,0.036541353383459,3.487671859929270,0
308377,2022/06/08,0.073082706766917,3.458018186551640,0
308379,2022/06/08,0.036541353383459,3.429157767888620,0
308533,2022/06/04,0.030384615384615,4.251000401214070,0
308534,2022/06/04,0.091153846153846,4.272172805217910,0
308535,2022/06/04,0.805192307692308,4.293450378730330,0
308536,2022/06/04,3.722115384615380,4.314831565897130,0
309075,2020/05/31,0.122857142857143,3.508075898091860,0
309076,2020/05/31,0.046071428571429,3.492465414466760,0
309076,2022/06/08,0.146165413533835,3.492465414466760,0
309776,2020/05/31,0.230357142857143,3.514633215220610,0
309777,2020/05/31,0.092142857142857,3.498537545294410,0
309777,2022/06/08,0.036541353383459,3.498537545294410,0
309778,2020/05/31,0.107500000000000,3.482625863350310,0
309778,2022/06/08,0.255789473684211,3.482625863350310,0
309779,2020/05/31,0.046071428571429,3.466900702682050,0
309779,2022/06/08,0.073082706766917,3.466900702682050,0
310480,2022/06/08,0.292330827067669,3.473275364509610,0
313986,2021/06/19,0.915000000000000,3.505799407807230,0
314169,2022/06/13,0.061661538461538,4.355235536178860,0
315575,2022/06/13,0.061661538461538,4.317311770042740,0
317702,2022/06/13,0.061661538461538,4.698063354001570,0
317703,2022/06/13,0.308307692307692,4.722950349855750,0
318387,2022/06/13,0.061661538461538,4.242978586303900,0
318388,2022/06/13,0.061661538461538,4.266724018666050,0
319091,2022/06/13,0.061661538461538,4.248568116527400,0
319794,2022/06/13,0.061661538461538,4.230545831839740,0
319795,2022/06/13,0.061661538461538,4.254572426900430,0
320509,2022/06/13,0.308307692307692,4.506852014479540,0
320510,2022/06/13,0.061661538461538,4.531796770409880,0
321212,2022/06/13,0.308307692307692,4.490266745447240,0
321213,2022/06/13,0.678276923076923,4.515303261422770,0
321916,2022/06/13,0.369969230769231,4.498948201676640,0
325440,2022/06/13,0.308307692307692,4.651936150686770,0
325441,2022/06/13,1.109907692307690,4.678032035390030,0
326143,2022/06/13,0.061661538461538,4.637222387332000,0
326144,2022/06/13,0.184984615384615,4.663400749413660,0
326145,2022/06/13,0.061661538461538,4.689624876394450,0
326849,2022/06/13,0.123323076923077,4.701571177131830,0
326850,2022/06/13,0.061661538461538,4.727964414360750,0
327553,2022/06/13,0.123323076923077,4.713868253341330,0
328252,2022/06/13,0.061661538461538,4.593967222659020,0
328956,2022/06/13,0.061661538461538,4.606353859115710,0
329661,2022/06/13,0.061661538461538,4.645764805829830,0
330365,2022/06/13,0.061661538461538,4.658978166295390,0
331069,2022/06/13,0.061661538461538,4.672538589147030,0
331772,2022/06/13,0.123323076923077,4.659427371140840,0
332476,2022/06/13,0.061661538461538,4.673562486334050,0
333180,2022/06/13,0.061661538461538,4.688038145889120,0
333181,2022/06/13,0.061661538461538,4.715271936381090,0
333886,2022/06/13,0.061661538461538,4.757561104214090,0
333888,2022/06/13,0.123323076923077,4.812397080982400,0
333903,2022/06/13,0.061661538461538,5.227283740740440,0
333904,2022/06/13,0.369969230769231,5.255148295728780,0
334590,2022/06/13,0.061661538461538,4.772912183845770,0
334595,2022/06/13,0.061661538461538,4.910717091759130,0
334607,2022/06/13,0.308307692307692,5.244179913046910,0
334608,2022/06/13,0.554953846153846,5.272126022597960,0
334609,2022/06/13,0.554953846153846,5.300094584359020,0
334610,2022/06/13,0.061661538461538,5.328085244756440,0
335296,2022/06/13,0.061661538461538,4.843817698137130,0
335312,2022/06/13,0.184984615384615,5.289388898078570,0
335313,2022/06/13,0.801600000000000,5.317436062888990,0
335314,2022/06/13,0.308307692307692,5.345504431537720,0
335315,2022/06/13,0.123323076923077,5.373593671756320,0
336000,2022/06/13,0.061661538461538,4.860006272179530,0
336018,2022/06/13,0.308307692307692,5.363202017078470,0
336704,2022/06/13,0.061661538461538,4.876509480767150,0
337408,2022/06/13,0.061661538461538,4.893324143426660,0
338111,2022/06/13,0.061661538461538,4.882457661506780,0
344442,2022/06/13,0.061661538461538,4.906131085697610,0
345142,2022/06/10,0.133783783783784,4.811305474214130,0
345143,2022/06/10,0.044594594594595,4.839893875534210,0
345146,2022/06/13,0.061661538461538,4.925759888573310,0
345846,2022/06/10,0.222972972972973,4.830945568637410,0
345849,2022/06/13,0.061661538461538,4.916968307553040,0
346549,2022/06/10,0.178378378378378,4.822166239705080,0
346550,2022/06/10,0.133783783783784,4.850876487225950,0
346552,2022/06/13,0.123323076923077,4.908343304066520,0
347252,2022/06/10,0.222972972972973,4.813556813294750,0
347253,2022/06/10,0.044594594594595,4.842318260408970,0
347254,2022/06/13,0.061661538461538,4.871094663057320,0
347957,2022/06/13,0.061661538461538,4.862756209309770,0
347958,2022/06/13,0.061661538461538,4.891596537147660,0
349366,2022/06/13,0.123323076923077,4.933437195245450,0
349367,2022/06/13,0.061661538461538,4.962411189910090,0
350070,2022/06/13,0.061661538461538,4.954768917743580,0
350071,2022/06/13,0.061661538461538,4.983799655258310,0
350072,2022/06/13,0.061661538461538,5.012841824646890,0
350777,2022/06/13,0.061661538461538,5.063658584401430,0
351481,2022/06/13,0.061661538461538,5.085682075197030,0
352185,2022/06/13,0.184984615384615,5.107962338763340,0
352888,2022/06/13,0.061661538461538,5.101240836014330,0
352889,2022/06/13,0.061661538461538,5.130496032624810,0
353592,2022/06/10,0.089189189189189,5.123978898436010,0
353592,2022/06/13,0.061661538461538,5.123978898436010,0
353593,2022/06/13,0.061661538461538,5.153279835052910,0
354295,2022/06/10,0.044594594594595,5.117628333041490,0
354296,2022/06/10,0.089189189189189,5.146965579508030,0
354296,2022/06/13,0.184984615384615,5.146965579508030,0
354996,2022/06/10,0.133783783783784,5.052721763580180,0
354997,2022/06/10,0.133783783783784,5.082079619805620,0
354998,2022/06/10,0.222972972972973,5.111444957260690,0
354999,2022/06/10,0.267567567567568,5.140817647743160,0
354999,2022/06/13,0.061661538461538,5.140817647743160,0
355699,2022/06/10,0.178378378378378,5.046635870335740,0
355700,2022/06/10,0.222972972972973,5.076029082372310,0
355701,2022/06/10,0.133783783783784,5.105429378537990,0
355701,2022/06/13,0.061661538461538,5.105429378537990,0
355702,2022/06/13,0.123323076923077,5.134836637150570,0
356402,2022/06/13,0.061661538461538,5.040720165541430,0
356403,2022/06/10,0.044594594594595,5.070147830197990,0
356403,2022/06/13,0.123323076923077,5.070147830197990,0
357093,2022/06/13,0.369969230769231,4.681976864775120,0
357105,2022/06/13,0.184984615384615,5.034975249047440,0
357798,2022/06/13,0.061661538461538,4.734814991690800,0
357809,2022/06/13,0.123323076923077,5.058895526178590,0
358512,2022/06/13,0.061661538461538,5.053525610308220,0
359205,2022/06/13,0.061661538461538,4.753016475943720,0
359207,2022/06/13,0.123323076923077,4.812031968109960,0
359208,2022/06/13,0.123323076923077,4.841548836956050,0
359209,2022/06/13,0.493292307692308,4.871071640235550,0
359210,2022/06/13,0.123323076923077,4.900600270693620,0
359908,2022/06/13,0.123323076923077,4.747675940047620,0
359909,2022/06/13,0.184984615384615,4.777213749500940,0
359913,2022/06/13,0.123323076923077,4.895421520507220,0
359914,2022/06/13,0.061661538461538,4.924987087720640,0
359915,2022/06/13,0.061661538461538,4.954557909619330,0
359920,2022/06/13,0.184984615384615,5.102487641243710,0
360612,2022/06/13,0.184984615384615,4.772087983108770,0
360619,2022/06/13,0.061661538461538,4.979222228441130,0
360620,2022/06/13,0.061661538461538,5.008832446894530,0
360621,2022/06/13,0.061661538461538,5.038447309076200,0
360622,2022/06/13,0.061661538461538,5.068066733579010,0
361142,2021/05/05,0.130080000000000,0.915392401839076,0
361845,2021/05/05,0.617880000000000,0.890201091066957,0
361846,2021/05/05,0.097560000000000,0.874155407521228,0
361847,2021/05/05,0.065040000000000,0.858858378827510,0
361849,2021/05/05,0.032520000000000,0.830673717483271,0
362547,2021/05/05,0.130080000000000,0.882537997858025,0
362548,2021/05/05,0.227640000000000,0.865310641191744,0
362549,2021/05/05,0.292680000000000,0.848794467424441,0
362550,2021/05/05,0.260160000000000,0.833031778610167,0
362551,2021/05/05,0.292680000000000,0.818066130879492,0
362552,2021/05/05,0.097560000000000,0.803942037019221,0
362554,2021/05/05,0.162600000000000,0.778399042848126,0
362554,2021/06/19,0.153260869565217,0.778399042848126,0
362555,2021/06/19,0.107282608695652,0.767070229204455,0
363250,2021/05/05,0.065040000000000,0.858468282527638,0
363252,2021/05/05,0.032520000000000,0.823739163288498,0
363253,2021/05/05,0.227640000000000,0.807487438441710,0
363254,2021/05/05,0.032520000000000,0.792039191627259,0
363255,2021/05/05,0.065040000000000,0.777442321099427,0
363256,2021/05/05,0.130080000000000,0.763745643474377,0
363257,2021/05/05,0.227640000000000,0.750998413411626,0
363257,2021/06/19,0.291195652173913,0.750998413411626,0
363258,2021/06/19,0.245217391304348,0.739249747851676,0
363259,2021/06/19,0.015326086956522,0.728547957364566,0
363956,2021/05/05,0.292680000000000,0.782253010116359,0
363957,2021/05/05,0.227640000000000,0.766296128910912,0
363959,2021/05/05,0.065040000000000,0.737014822119540,0
363959,2021/06/19,0.091956521739130,0.737014822119540,0
363960,2021/05/05,0.130080000000000,0.723796900737482,0
363960,2021/06/19,0.352500000000000,0.723796900737482,0
363961,2021/06/19,0.306521739130435,0.711599207696133,0
363962,2021/06/19,0.076630434782609,0.700475042135293,0
364659,2021/05/05,0.227640000000000,0.757359471921149,0
364660,2021/05/05,0.292680000000000,0.740866534924528,0
364661,2021/05/05,0.195120000000000,0.725240276369606,0
364663,2021/05/05,0.130080000000000,0.696817823656901,0
364663,2021/06/19,0.337173913043478,0.696817823656901,0
364664,2021/06/19,0.199239130434783,0.684139214173559,0
364665,2021/06/19,0.045978260869565,0.672560950702756,0
365364,2021/05/05,0.260160000000000,0.699597448570712,0
365365,2021/05/05,0.292680000000000,0.684344281628370,0
365366,2021/05/05,0.097560000000000,0.670088049616761,0
365366,2021/06/19,0.168586956521739,0.670088049616761,0
365367,2021/06/19,0.229891304347826,0.656893663669268,0
366067,2021/05/05,0.032520000000000,0.674306688679465,0
366068,2021/05/05,0.487800000000000,0.658467845054329,0
366069,2021/05/05,0.097560000000000,0.643638639210473,0
366069,2021/06/19,0.015326086956522,0.643638639210473,0
366070,2021/05/05,0.065040000000000,0.629890383433526,0
366070,2021/05/14,0.086607142857143,0.629890383433526,0
366070,2021/06/19,0.153260869565217,0.629890383433526,0
366771,2021/05/05,0.032520000000000,0.632947469117426,0
366772,2021/05/05,0.195120000000000,0.617505619448895,0
366773,2021/05/05,0.162600000000000,0.603161913116187,0
366773,2021/05/12,0.071111111111111,0.603161913116187,0
366773,2021/05/14,0.086607142857143,0.603161913116187,0
366773,2021/06/19,0.030652173913043,0.603161913116187,0
366774,2021/05/05,0.292680000000000,0.589996448136210,0
366774,2021/05/12,0.284444444444444,0.589996448136210,0
366774,2021/05/14,0.346428571428571,0.589996448136210,0
366775,2021/05/12,0.071111111111111,0.578089730221447,0
367475,2021/05/05,0.032520000000000,0.591730910539118,0
367476,2021/05/05,0.097560000000000,0.576746460759076,0
367477,2021/05/05,0.130080000000000,0.562963507838267,0
367477,2021/05/12,0.142222222222222,0.562963507838267,0
367477,2021/05/14,0.346428571428571,0.562963507838267,0
367478,2021/05/12,0.213333333333333,0.550472309897962,0
368178,2021/05/05,0.032520000000000,0.566363433621198,0
368179,2021/05/05,0.357720000000000,0.550689072509821,0
368180,2021/05/05,0.097560000000000,0.536236702885223,0
368180,2021/05/12,0.213333333333333,0.536236702885223,0
368180,2021/05/14,0.173214285714286,0.536236702885223,0
368181,2021/05/05,0.065040000000000,0.523107617762646,0
368181,2021/05/12,0.284444444444444,0.523107617762646,0
368181,2021/05/14,0.173214285714286,0.523107617762646,0
368882,2021/05/05,0.162600000000000,0.525043061977409,0
368883,2021/05/05,0.227640000000000,0.509864177649650,0
368884,2021/05/05,0.130080000000000,0.496037481773525,0
368884,2021/05/12,0.284444444444444,0.496037481773525,0
368884,2021/05/14,0.259821428571429,0.496037481773525,0
368885,2021/05/14,0.173214285714286,0.483678951321860,0
369586,2021/05/05,0.390240000000000,0.483903859557609,0
369587,2021/05/05,0.195120000000000,0.469312874744693,0
369587,2021/05/12,0.284444444444444,0.469312874744693,0
369587,2021/05/14,0.346428571428571,0.469312874744693,0
369588,2021/05/14,0.086607142857143,0.456230921918733,0
369589,2021/05/14,0.173214285714286,0.444791169467317,0
370289,2021/05/05,0.260160000000000,0.458425782652517,0
370290,2021/05/05,0.585360000000000,0.442996334907152,0
370290,2021/05/12,0.355555555555556,0.442996334907152,0
370290,2021/05/14,0.259821428571429,0.442996334907152,0
370291,2021/05/05,0.032520000000000,0.429112767861570,0
370291,2021/05/14,0.259821428571429,0.429112767861570,0
370292,2021/05/14,0.346428571428571,0.416929541531329,0
370993,2021/05/05,0.520320000000000,0.417165096926963,0
370993,2021/05/12,0.355555555555556,0.417165096926963,0
370993,2021/05/14,0.346428571428571,0.417165096926963,0
370993,2023/05/16,0.136038656408332,0.417165096926963,0
370994,2021/05/05,0.227640000000000,0.402391187752494,0
370994,2021/05/12,0.071111111111111,0.402391187752494,0
370994,2023/05/16,0.120923250140739,0.402391187752494,0
371159,2022/05/29,0.151612903225806,4.777187926723280,0
371160,2022/05/29,0.045483870967742,4.807108736831350,0
371696,2021/05/05,0.097560000000000,0.391915131381277,0
371696,2021/05/14,0.086607142857143,0.391915131381277,0
371697,2021/05/05,0.162600000000000,0.376150708067779,0
371697,2021/05/12,0.782222222222222,0.376150708067779,0
371697,2021/05/14,0.346428571428571,0.376150708067779,0
371697,2023/05/16,0.710424094576844,0.376150708067779,0
371698,2021/05/05,0.097560000000000,0.362190170653468,0
371861,2022/05/29,0.075806451612903,4.745128626004420,0
372399,2023/05/31,1.191037460613840,0.367366314220937,0
372399,2023/06/07,20.715000000000000,0.367366314220937,0
372400,2021/05/05,0.032520000000000,0.350499399264980,0
372400,2021/05/12,0.142222222222222,0.350499399264980,0
372400,2023/05/16,0.045346218802777,0.350499399264980,0
372401,2021/05/05,0.195120000000000,0.335473006608788,0
372401,2021/05/12,0.640000000000000,0.335473006608788,0
372401,2021/05/14,0.519642857142857,0.335473006608788,0
372401,2023/05/16,0.665077875774066,0.335473006608788,0
372402,2021/05/05,0.032520000000000,0.322544472375012,0
372403,2021/05/05,0.097560000000000,0.311974717525411,0
372564,2022/05/29,0.181935483870968,4.743176794599360,0
372568,2022/05/29,0.090967741935484,4.862964020350170,0
372569,2022/05/29,0.227419354838710,4.892912580885300,0
372570,2022/05/29,0.075806451612903,4.922861817446260,0
373102,2023/05/31,0.113432139106080,0.343668930368221,0
373103,2023/05/31,2.041778503909440,0.325576548369257,0
373104,2021/05/05,0.097560000000000,0.309341789717669,0
373104,2021/05/12,0.284444444444444,0.309341789717669,0
373104,2021/05/14,0.259821428571429,0.309341789717669,0
373104,2023/05/16,0.211615687746294,0.309341789717669,0
373104,2023/05/31,0.056716069553040,0.309341789717669,0
373105,2021/05/05,0.032520000000000,0.295271224053834,0
373105,2021/05/12,0.142222222222222,0.295271224053834,0
373105,2023/05/16,0.498808406830550,0.295271224053834,0
373106,2021/05/05,0.032520000000000,0.283687059123581,0
373107,2021/05/05,0.065040000000000,0.274903797981438,0
373108,2021/05/05,0.065040000000000,0.269195742252251,0
373109,2021/05/05,0.130080000000000,0.266760371906366,0
373110,2021/05/05,0.130080000000000,0.267687024834111,0
373266,2022/05/29,0.045483870967742,4.711456545693640,0
373267,2022/05/29,0.409354838709677,4.741412903159910,0
373273,2022/05/29,0.136451612903226,4.921163276954390,0
373274,2022/05/29,0.212258064516129,4.951123612084080,0
373275,2022/05/29,0.030322580645161,4.981084474689410,0
373277,2022/06/08,0.172173913043478,5.041007744702670,0
373278,2022/06/08,0.172173913043478,5.070970133855120,0
373279,2022/06/08,0.286956521739130,5.100933013956260,0
373280,2022/06/08,0.086086956521739,5.130896376406250,0
373805,2023/06/07,4.154636932281750,0.321011595709138,0
373807,2021/05/05,0.195120000000000,0.283958330698990,0
373807,2023/05/31,1.966157077838720,0.283958330698990,0
373808,2021/05/05,0.292680000000000,0.268561056100118,0
373808,2021/05/12,0.426666666666667,0.268561056100118,0
373808,2021/05/14,0.606250000000000,0.268561056100118,0
373808,2023/05/16,0.393000562957403,0.268561056100118,0
373808,2023/05/31,0.245769634729840,0.268561056100118,0
373809,2023/05/16,0.302308125351848,0.255769929152282,0
373811,2021/05/05,0.065040000000000,0.239595938693463,0
373812,2021/05/05,0.032520000000000,0.236856402095970,0
373813,2021/05/05,0.097560000000000,0.237899569385143,0
373968,2022/05/29,0.136451612903226,4.679904562748420,0
373969,2022/05/29,0.045483870967742,4.709870620617170,0
373970,2022/05/29,0.075806451612903,4.739837161480190,0
373971,2022/05/29,0.015161290322581,4.769804176235000,0
373978,2022/05/29,0.166774193548387,4.979585829705630,0
373978,2022/06/08,0.086086956521739,4.979585829705630,0
373979,2022/05/29,0.181935483870968,5.009556333686910,0
373979,2022/06/08,0.315652173913043,5.009556333686910,0
373980,2020/05/19,3.595862068965520,5.039527239054260,0
373980,2021/06/05,0.149554896142433,5.039527239054260,0
373980,2022/06/08,0.172173913043478,5.039527239054260,0
373981,2020/05/19,1.046896551724140,5.069498538687100,0
373982,2020/05/19,0.166896551724138,5.099470225631430,0
373982,2022/06/08,0.114782608695652,5.099470225631430,0
373983,2020/05/19,0.015172413793104,5.129442293099360,0
373983,2022/06/08,0.086086956521739,5.129442293099360,0
374507,2021/05/14,0.086607142857143,0.322005021801308,0
374508,2021/05/12,0.142222222222222,0.299630340942205,0
374508,2023/06/07,16.500326353005200,0.299630340942205,0
374509,2021/05/05,0.260160000000000,0.278693319861264,0
374509,2021/05/12,0.497777777777778,0.278693319861264,0
374510,2021/05/05,0.325200000000000,0.259542116106843,0
374510,2021/05/12,0.213333333333333,0.259542116106843,0
374511,2021/05/05,0.422760000000000,0.242600024127188,0
374511,2021/05/12,0.497777777777778,0.242600024127188,0
374511,2021/05/14,0.259821428571429,0.242600024127188,0
374511,2023/05/31,1.796008869179600,0.242600024127188,0
374512,2021/05/14,0.086607142857143,0.228359259843078,0
374512,2023/05/16,0.574385438168512,0.228359259843078,0
374512,2023/05/31,0.415917843388960,0.228359259843078,0
374513,2021/05/05,0.032520000000000,0.217351442556157,0
374513,2021/05/14,0.086607142857143,0.217351442556157,0
374513,2023/05/16,0.151154062675924,0.217351442556157,0
374514,2021/05/05,0.032520000000000,0.210085377366507,0
374672,2022/05/29,0.015161290322581,4.708474225199610,0
374673,2022/05/29,0.090967741935484,4.738449757237450,0
374674,2022/05/29,0.030322580645161,4.768425651291640,0
374682,2021/06/05,0.168249258160237,5.008245056120090,0
374682,2022/05/29,0.394193548387097,5.008245056120090,0
374683,2020/05/19,0.227586206896552,5.038223922133980,0
374683,2021/06/05,0.056083086053413,5.038223922133980,0
374683,2022/05/29,0.015161290322581,5.038223922133980,0
374683,2022/06/08,0.143478260869565,5.038223922133980,0
374684,2020/05/19,0.242758620689655,5.068203089302850,0
374684,2022/05/29,0.045483870967742,5.068203089302850,0
374684,2022/06/08,0.057391304347826,5.068203089302850,0
374685,2022/06/08,0.143478260869565,5.098182552312180,0
375210,2021/05/14,0.692857142857143,0.303656040222618,0
375211,2021/05/14,0.779464285714286,0.279817839577809,0
375212,2021/05/12,0.284444444444444,0.257273363868798,0
375213,2021/05/05,0.260160000000000,0.236393045570946,0
375213,2021/05/12,0.355555555555556,0.236393045570946,0
375214,2021/05/05,0.065040000000000,0.217656353135238,0
375214,2021/05/12,0.142222222222222,0.217656353135238,0
375215,2021/05/05,0.162600000000000,0.201661676960725,0
375215,2021/05/12,0.853333333333333,0.201661676960725,0
375215,2021/05/14,0.779464285714286,0.201661676960725,0
375215,2023/05/31,1.380091025790640,0.201661676960725,0
375216,2021/05/05,0.227640000000000,0.189106064624287,0
375216,2021/05/12,0.284444444444444,0.189106064624287,0
375216,2021/05/14,0.346428571428571,0.189106064624287,0
375216,2023/05/16,0.695308688309251,0.189106064624287,0
375217,2021/05/05,0.097560000000000,0.180707784086968,0
375217,2021/05/14,0.173214285714286,0.180707784086968,0
375217,2023/05/16,0.015115406267592,0.180707784086968,0
375218,2021/05/05,0.097560000000000,0.177059398537504,0
375219,2021/05/05,0.130080000000000,0.178452474961678,0
375220,2021/05/05,0.032520000000000,0.184773019834600,0
375221,2021/05/05,0.097560000000000,0.195543805132769,0
375376,2022/05/29,0.015161290322581,4.737250855881050,0
375377,2022/05/29,0.060645161290323,4.767234448747540,0
375378,2022/05/29,0.106129032258064,4.797218301711670,0
375385,2021/06/05,0.037388724035608,5.007112162619130,0
375385,2022/05/29,0.090967741935484,5.007112162619130,0
375387,2022/05/29,0.015161290322581,5.067083920778050,0
375387,2022/06/08,0.086086956521739,5.067083920778050,0
375388,2022/05/29,0.045483870967742,5.097070126691730,0
375388,2022/06/08,0.028695652173913,5.097070126691730,0
375389,2022/05/29,0.015161290322581,5.127056545397900,0
375389,2022/06/08,0.172173913043478,5.127056545397900,0
375913,2021/05/14,0.173214285714286,0.287256910639696,0
375914,2021/05/14,1.558928571428570,0.261930316549782,0
375915,2021/05/03,0.309600000000000,0.237695153980767,0
375915,2021/05/12,0.284444444444444,0.237695153980767,0
375915,2021/05/14,1.645535714285710,0.237695153980767,0
375916,2021/05/03,0.309600000000000,0.214920960365149,0
375916,2021/05/12,0.711111111111111,0.214920960365149,0
375917,2021/05/05,0.260160000000000,0.194122615021702,0
375917,2021/05/12,0.568888888888889,0.194122615021702,0
375917,2021/05/14,0.346428571428571,0.194122615021702,0
375918,2021/05/05,0.065040000000000,0.176001981815917,0
375918,2021/05/14,0.259821428571429,0.176001981815917,0
375918,2023/05/31,0.037810713035360,0.176001981815917,0
375919,2021/05/05,0.227640000000000,0.161463132087738,0
375919,2021/05/12,0.497777777777778,0.161463132087738,0
375919,2021/05/14,0.952678571428571,0.161463132087738,0
375919,2023/05/16,0.045346218802777,0.161463132087738,0
375919,2023/05/31,0.397012486871280,0.161463132087738,0
375920,2021/05/05,0.065040000000000,0.151540509189908,0
375920,2021/05/12,0.142222222222222,0.151540509189908,0
375920,2021/05/14,0.259821428571429,0.151540509189908,0
375920,2023/05/16,0.649962469506474,0.151540509189908,0
375920,2023/05/24,1.949522659936350,0.151540509189908,0
375921,2021/05/05,0.032520000000000,0.147170806578229,0
375921,2021/05/14,0.519642857142857,0.147170806578229,0
375922,2021/05/05,0.097560000000000,0.148843891959061,0
375925,2021/05/05,0.130080000000000,0.185589608155241,0
376081,2022/05/29,0.318387096774194,4.796220997203320,0
376082,2022/05/29,0.181935483870968,4.826211461712920,0
376082,2022/06/08,0.135000000000000,4.826211461712920,0
376082,2022/06/12,0.069333333333333,4.826211461712920,0
376083,2022/06/08,0.225000000000000,4.856202099289400,0
376088,2022/05/29,0.106129032258064,5.006157774263770,0
376089,2022/05/29,0.106129032258064,5.036149385936480,0
376090,2022/05/29,0.394193548387097,5.066141149915200,0
376091,2022/05/29,0.303225806451613,5.096133063508900,0
376091,2022/06/08,0.057391304347826,5.096133063508900,0
376092,2022/05/29,0.758064516129032,5.126125124092770,0
376092,2022/06/08,0.459130434782609,5.126125124092770,0
376616,2021/05/14,0.086607142857143,0.273159037292089,0
376617,2021/05/14,0.692857142857143,0.246387384229588,0
376618,2021/05/03,0.619200000000000,0.220449934665094,0
376618,2021/05/12,0.071111111111111,0.220449934665094,0
376618,2021/05/14,2.251785714285710,0.220449934665094,0
376619,2021/05/03,0.567600000000000,0.195678694323733,0
376619,2021/05/12,1.066666666666670,0.195678694323733,0
376619,2021/05/14,0.519642857142857,0.195678694323733,0
376620,2021/05/03,0.877200000000000,0.172576580867139,0
376620,2021/05/05,0.032520000000000,0.172576580867139,0
376620,2021/05/12,2.417777777777780,0.172576580867139,0
376620,2021/05/14,0.346428571428571,0.172576580867139,0
376621,2021/05/05,0.292680000000000,0.151907038180739,0
376621,2021/05/12,0.853333333333333,0.151907038180739,0
376621,2021/05/14,0.433035714285714,0.151907038180739,0
376622,2021/05/05,0.227640000000000,0.134793795730262,0
376622,2021/05/12,0.213333333333333,0.134793795730262,0
376622,2021/05/14,0.086607142857143,0.134793795730262,0
376622,2023/05/31,0.434823199906640,0.134793795730262,0
376623,2021/05/12,0.213333333333333,0.122733587984054,0
376623,2023/05/16,0.211615687746294,0.122733587984054,0
376623,2023/05/24,2.553581994382450,0.122733587984054,0
376623,2023/05/25,0.567015324738506,0.122733587984054,0
376624,2023/05/16,0.498808406830550,0.117295554073661,0
376624,2023/05/24,0.634609415416451,0.117295554073661,0
376625,2021/05/05,0.032520000000000,0.119388054364555,0
376625,2021/05/14,0.346428571428571,0.119388054364555,0
376626,2021/05/05,0.032520000000000,0.128644141641023,0
376627,2021/05/05,0.097560000000000,0.143686011725327,0
376628,2021/05/05,0.130080000000000,0.162918911996606,0
376785,2022/06/12,0.485333333333333,4.825405767871230,0
376794,2022/05/29,0.227419354838710,5.095371459489130,0
377320,2021/05/03,0.051600000000000,0.233657399267456,0
377320,2021/05/14,0.173214285714286,0.233657399267456,0
377321,2021/05/03,0.309600000000000,0.206124103167424,0
377321,2021/05/12,0.071111111111111,0.206124103167424,0
377321,2021/05/14,0.779464285714286,0.206124103167424,0
377322,2021/05/03,0.103200000000000,0.179385251249196,0
377322,2021/05/12,0.142222222222222,0.179385251249196,0
377322,2021/05/14,1.645535714285710,0.179385251249196,0
377323,2021/05/03,0.258000000000000,0.153855606365991,0
377323,2021/05/12,1.564444444444440,0.153855606365991,0
377323,2021/05/14,1.818750000000000,0.153855606365991,0
377324,2021/05/03,0.051600000000000,0.130248161756476,0
377324,2021/05/05,0.032520000000000,0.130248161756476,0
377324,2021/05/12,1.280000000000000,0.130248161756476,0
377324,2021/05/14,0.779464285714286,0.130248161756476,0
377325,2021/05/12,0.497777777777778,0.109809728426194,0
377325,2023/05/31,0.302485704282880,0.109809728426194,0
377326,2021/05/12,0.355555555555556,0.094616732449214,0
377326,2023/05/24,0.470045925650501,0.094616732449214,0
377326,2023/05/25,4.649525662855750,0.094616732449214,0
377326,2023/05/31,0.132337495623760,0.094616732449214,0
377327,2023/05/16,0.377885156689810,0.087447312411342,0
377327,2023/05/24,2.759181394290920,0.087447312411342,0
377328,2021/05/14,0.086607142857143,0.090234669736754,0
377328,2023/05/16,0.332538937887033,0.090234669736754,0
377488,2022/06/12,0.138666666666667,4.824785421180880,0
378024,2021/05/03,0.516000000000000,0.195360954679734,0
378025,2021/05/03,0.206400000000000,0.166906470255299,0
378025,2021/05/12,0.142222222222222,0.166906470255299,0
378025,2021/05/14,0.173214285714286,0.166906470255299,0
378026,2021/05/03,0.464400000000000,0.139105008719457,0
378026,2021/05/12,0.711111111111111,0.139105008719457,0
378026,2021/05/14,0.433035714285714,0.139105008719457,0
378027,2021/05/03,0.567600000000000,0.112442000724097,0
378027,2021/05/12,0.640000000000000,0.112442000724097,0
378027,2021/05/14,1.039285714285710,0.112442000724097,0
378028,2021/05/03,0.103200000000000,0.087958911095168,0
378028,2021/05/12,0.497777777777778,0.087958911095168,0
378029,2021/05/14,0.173214285714286,0.068050738377445,0
378029,2023/05/25,0.113403064947701,0.068050738377445,0
378029,2023/05/31,9.578662314978310,0.068050738377445,0
378030,2021/05/14,0.433035714285714,0.057668036075825,0
378030,2023/05/24,1.281664593843390,0.057668036075825,0
378030,2023/05/25,4.564473364144980,0.057668036075825,0
378031,2021/05/14,0.173214285714286,0.061813171852310,0
378031,2023/05/16,0.529039219365735,0.061813171852310,0
378031,2023/05/24,1.925679642807810,0.061813171852310,0
378032,2023/05/16,0.196500281478701,0.078209337566741,0
378727,2021/05/03,0.154800000000000,0.188770875831834,0
378728,2021/05/03,0.722400000000000,0.159142249270659,0
378729,2021/05/03,0.464400000000000,0.129686713019604,0
378729,2021/05/12,0.640000000000000,0.129686713019604,0
378730,2021/05/03,0.619200000000000,0.100556489872860,0
378730,2021/05/12,0.213333333333333,0.100556489872860,0
378731,2021/05/03,0.154800000000000,0.072146710719015,0
378731,2021/05/12,0.213333333333333,0.072146710719015,0
378731,2021/05/14,0.259821428571429,0.072146710719015,0
378732,2021/05/12,0.782222222222222,0.045817727686047,0
378732,2021/05/14,0.086607142857143,0.045817727686047,0
378732,2023/05/31,1.327868852459020,0.045817727686047,0
378733,2021/05/14,0.433035714285714,0.028177234855977,0
378733,2022/05/11,0.234905660377358,0.028177234855977,0
378733,2023/05/24,0.185668824755843,0.028177234855977,0
378733,2023/05/25,0.822172220870834,0.028177234855977,0
378734,2022/05/11,0.234905660377358,0.035905780158187,0
378734,2023/05/16,0.015115406267592,0.035905780158187,0
378734,2023/05/24,2.075400751198760,0.035905780158187,0
378734,2023/05/25,3.827353441984920,0.035905780158187,0
378735,2023/05/16,0.619731656971289,0.059875450931473,0
378735,2023/05/24,0.853440248318676,0.059875450931473,0
378736,2023/05/16,0.060461625070370,0.087644111557307,0
378815,2022/06/10,0.044594594594595,2.453796868777270,0
379431,2021/05/03,0.516000000000000,0.156794531738040,0
379432,2021/05/03,0.103200000000000,0.126794588241152,0
379433,2021/05/03,0.206400000000000,0.096797705419874,0
379433,2021/05/12,1.351111111111110,0.096797705419874,0
379434,2021/05/03,0.567600000000000,0.066808006141513,0
379434,2021/05/12,1.422222222222220,0.066808006141513,0
379435,2021/05/03,0.206400000000000,0.036843036489847,0
379435,2021/05/12,0.142222222222222,0.036843036489847,0
379435,2021/05/14,0.606250000000000,0.036843036489847,0
379436,2021/05/14,0.692857142857143,0.007217668198778,0
379437,2021/05/14,0.259821428571429,0.023395851637250,0
379437,2022/05/11,1.033584905660380,0.023395851637250,0
379437,2023/05/24,0.068292367796242,0.023395851637250,0
379437,2023/05/25,1.559292143030890,0.023395851637250,0
379438,2022/05/11,0.563773584905660,0.053321878780659,0
379438,2023/05/16,0.075577031337962,0.053321878780659,0
379438,2023/05/24,3.114509824273280,0.053321878780659,0
379438,2023/05/25,3.090233519824860,0.053321878780659,0
379439,2022/05/11,0.093962264150943,0.083304654027116,0
379439,2023/05/16,0.634847063238882,0.083304654027116,0
379439,2023/05/24,0.046417206188961,0.083304654027116,0
379517,2022/06/10,0.044594594594595,2.423647410985020,0
379518,2022/06/10,0.044594594594595,2.453652274561200,0
380133,2021/05/03,0.051600000000000,0.189580793274452,0
380134,2021/05/03,0.103200000000000,0.160101775760054,0
380135,2021/05/03,0.103200000000000,0.130862047284434,0
380136,2021/05/12,0.284444444444444,0.102067466083294,0
380137,2021/05/03,0.154800000000000,0.074237828906062,0
380137,2021/05/12,0.568888888888889,0.074237828906062,0
380138,2021/05/03,0.928800000000000,0.049044247819835,0
380138,2021/05/12,0.640000000000000,0.049044247819835,0
380139,2021/05/03,0.103200000000000,0.033166498809607,0
380139,2021/05/12,0.071111111111111,0.033166498809607,0
380140,2021/05/03,0.412800000000000,0.039941087089876,0
380141,2021/05/03,0.206400000000000,0.062379160206451,0
380141,2022/05/11,1.221509433962260,0.062379160206451,0
380141,2023/05/24,0.196916062880238,0.062379160206451,0
380141,2023/05/25,2.296412065190950,0.062379160206451,0
380142,2022/05/11,0.328867924528302,0.089373509574529,0
380142,2023/05/16,0.181384875211109,0.089373509574529,0
380142,2023/05/24,3.542900525139750,0.089373509574529,0
380142,2023/05/25,2.381464363901730,0.089373509574529,0
380143,2022/05/11,0.093962264150943,0.117833289839562,0
380143,2023/05/16,0.529039219365735,0.117833289839562,0
380143,2023/05/24,0.510589268078569,0.117833289839562,0
380143,2023/05/25,31.095000000000000,0.117833289839562,0
380220,2022/06/10,0.044594594594595,2.423870083806290,0
380836,2021/05/03,0.516000000000000,0.196923257496012,0
380841,2021/05/03,0.103200000000000,0.072408912695305,0
380841,2021/05/12,1.208888888888890,0.072408912695305,0
380842,2021/05/03,0.722400000000000,0.062751271217934,0
380843,2021/05/03,0.412800000000000,0.066580766659974,0
380844,2021/05/03,0.154800000000000,0.082029750618090,0
380845,2022/05/11,0.234905660377358,0.104045021656526,0
380845,2023/05/24,1.247272374079150,0.104045021656526,0
380845,2023/05/25,3.005181221114080,0.104045021656526,0
380846,2022/05/11,0.140943396226415,0.129315343730947,0
380846,2023/05/16,0.332538937887033,0.129315343730947,0
380846,2023/05/24,4.698687027720740,0.129315343730947,0
380846,2023/05/25,1.644344441741670,0.129315343730947,0
380847,2022/05/11,0.046981132075472,0.156269494030492,0
380849,2023/05/27,0.692812701137095,0.212643747111347,0
380850,2023/05/27,0.361467496245441,0.241488871309623,0
380851,2023/05/27,0.376528641922334,0.270586385084202,0
380923,2022/06/10,0.044594594594595,2.424461873688070,0
381008,2022/06/12,0.034666666666667,4.974478676618780,0
381009,2022/06/12,0.034666666666667,5.004481369595390,0
381539,2021/05/03,0.051600000000000,0.208342133861277,0
381544,2021/05/03,0.051600000000000,0.099350622879416,0
381545,2021/05/03,0.516000000000000,0.092548423385051,0
381546,2021/05/03,0.154800000000000,0.095186605021858,0
381547,2021/05/03,0.103200000000000,0.106566334178611,0
381548,2022/05/11,0.093962264150943,0.124309662072057,0
381549,2022/05/11,0.187924528301887,0.146116444280002,0
381549,2023/05/16,0.015115406267592,0.146116444280002,0
381549,2023/05/24,2.483297510033910,0.146116444280002,0
381549,2023/05/25,20.928049858299000,0.146116444280002,0
381550,2022/05/11,0.281886792452830,0.170434014189734,0
381550,2023/05/16,0.151154062675924,0.170434014189734,0
381550,2023/05/24,3.509079097954940,0.170434014189734,0
381550,2023/05/25,2.787655822438430,0.170434014189734,0
381551,2023/05/25,0.094496807540286,0.196331621997910,0
381552,2023/05/27,1.069341343059430,0.223260101897345,0
381553,2023/05/27,0.060244582707573,0.250887734057088,0
381626,2022/06/10,0.044594594594595,2.425422510391030,0
381629,2022/06/10,0.044594594594595,2.515375000458700,0
381630,2022/06/10,0.133783783783784,2.545360151657990,0
381641,2023/05/28,0.088184735273894,2.875224313746290,0
382247,2021/05/03,0.051600000000000,0.127623762987030,0
382248,2021/05/03,0.464400000000000,0.122402950480026,0
382249,2021/05/03,0.928800000000000,0.124409662187662,0
382250,2021/05/03,0.154800000000000,0.133317928866754,0
382251,2021/05/03,0.103200000000000,0.147885768825481,0
382252,2021/05/03,0.361200000000000,0.166635396711574,0
382252,2023/05/25,6.173791425965340,0.166635396711574,0
382253,2022/05/11,0.234905660377358,0.188321890933676,0
382253,2023/05/16,0.045346218802777,0.188321890933676,0
382253,2023/05/24,3.376471665748560,0.188321890933676,0
382253,2023/05/25,3.638127090301000,0.188321890933676,0
382254,2022/05/11,0.093962264150943,0.212046075474127,0
382254,2023/05/16,0.120923250140739,0.212046075474127,0
382254,2023/05/24,2.569487736051330,0.212046075474127,0
382255,2023/05/27,0.466895515983694,0.237197314476416,0
382256,2023/05/27,0.256039476507187,0.263367078840086,0
382332,2022/06/10,0.044594594594595,2.516657015801260,0
382333,2022/06/10,0.044594594594595,2.546627231720200,0
382334,2022/06/10,0.044594594594595,2.576598261983390,0
382341,2023/05/28,0.180644404014320,2.786416068024670,0
382342,2023/05/28,0.195698104348847,2.816392700534840,0
382343,2023/05/28,0.088184735273894,2.846369935061760,0
382344,2023/05/28,0.440923676369471,2.876347752783970,0
382951,2021/05/03,0.051600000000000,0.152281110559363,0
382952,2021/05/03,0.258000000000000,0.153898736341211,0
382953,2021/05/03,0.619200000000000,0.161185419521770,0
382954,2021/05/03,0.516000000000000,0.173428059694731,0
382955,2021/05/03,0.516000000000000,0.189669392145524,0
382956,2021/05/03,0.051600000000000,0.208979182571949,0
382956,2022/05/11,0.046981132075472,0.208979182571949,0
382956,2023/05/24,0.853440248318676,0.208979182571949,0
382957,2022/05/11,0.516792452830189,0.230587842662254,0
382957,2023/05/16,0.090692437605554,0.230587842662254,0
382957,2023/05/24,3.350548401590920,0.230587842662254,0
382958,2023/05/16,0.075577031337962,0.253909120794391,0
382958,2023/05/24,1.763853835180510,0.253909120794391,0
382958,2023/05/27,0.451834370306801,0.253909120794391,0
382959,2023/05/27,0.256039476507187,0.278513130865103,0
383032,2022/06/10,0.089189189189189,2.428448405100680,0
383037,2022/06/10,0.044594594594595,2.578197270395150,0
383045,2023/05/28,0.150537003345267,2.817856869546240,0
383046,2023/05/28,0.430857398412564,2.847818851473270,0
383047,2023/05/28,0.059502312427018,2.877781735667390,0
383048,2023/05/28,0.235159294063718,2.907745494234390,0
383116,2022/06/12,0.034666666666667,4.946462164631230,0
383117,2022/06/12,0.138666666666667,4.976453335670850,0
383118,2022/06/12,0.173333333333333,5.006444675752360,0
383657,2021/05/03,0.567600000000000,0.200185328228693,0
383658,2021/05/03,0.309600000000000,0.214409383368863,0
383659,2021/05/03,0.206400000000000,0.231666237013694,0
383660,2021/05/03,0.154800000000000,0.251331953246608,0
383660,2022/05/11,0.046981132075472,0.251331953246608,0
383660,2023/05/24,1.816295913088460,0.251331953246608,0
383661,2021/05/03,0.154800000000000,0.272886239538308,0
383661,2022/05/11,0.234905660377358,0.272886239538308,0
383661,2023/05/16,0.136038656408332,0.272886239538308,0
383661,2023/05/24,3.108484952554290,0.272886239538308,0
383661,2023/05/27,0.527140098691268,0.272886239538308,0
383662,2021/05/03,0.051600000000000,0.295916698400028,0
383662,2022/05/11,0.375849056603774,0.295916698400028,0
383662,2023/05/16,0.015115406267592,0.295916698400028,0
383662,2023/05/24,1.067595742346100,0.295916698400028,0
383662,2023/05/27,0.256039476507187,0.295916698400028,0
383735,2022/06/10,0.044594594594595,2.430512287793000,0
383748,2023/05/28,0.150537003345267,2.819637674105270,0
383749,2023/05/28,0.264554205821682,2.849581091449940,0
383750,2023/05/28,0.210751804683373,2.879525798407420,0
383751,2023/05/28,0.192135659793404,2.909471755156930,0
383752,2023/05/28,0.088184735273894,2.939418923499250,0
383819,2022/06/12,0.104000000000000,4.947485807432920,0
383822,2022/06/12,0.104000000000000,5.037442019247700,0
383823,2022/06/12,0.034666666666667,5.067427895621460,0
384349,2021/05/01,0.018493150684932,0.325321677461337,0
384361,2021/05/03,0.154800000000000,0.240329089510148,0
384362,2021/05/03,0.619200000000000,0.255843651911007,0
384362,2022/05/11,0.140943396226415,0.255843651911007,0
384363,2021/05/03,2.373600000000000,0.273778250578032,0
384363,2022/05/11,0.140943396226415,0.273778250578032,0
384364,2021/05/03,0.670800000000000,0.293689870551050,0
384364,2022/05/11,1.080566037735850,0.293689870551050,0
384364,2023/05/24,2.232042808870930,0.293689870551050,0
384364,2023/05/27,0.587384681398841,0.293689870551050,0
384365,2021/05/03,0.103200000000000,0.315204065562601,0
384365,2022/05/11,0.751698113207547,0.315204065562601,0
384365,2023/05/16,0.166269468943517,0.315204065562601,0
384365,2023/05/24,3.342578943417280,0.315204065562601,0
384365,2023/05/27,0.557262390045055,0.315204065562601,0
384366,2022/05/11,0.093962264150943,0.338014968804021,0
384366,2023/05/24,0.371337649511687,0.338014968804021,0
384451,2023/05/28,0.135483303010740,2.821734514678620,0
384452,2023/05/28,0.264554205821682,2.851656074073380,0
384454,2022/06/14,0.040645161290323,2.911504372480620,0
384454,2023/05/28,0.210751804683373,2.911504372480620,0
384455,2023/05/28,0.309715306825262,2.941431006101510,0
384523,2022/06/12,0.104000000000000,4.978668146375680,0
384525,2022/06/12,0.069333333333333,5.038625265138940,0
384526,2022/06/12,0.034666666666667,5.068604301654440,0
385049,2021/05/01,0.055479452054795,0.414662432295208,0
385050,2021/05/01,0.092465753424658,0.390682649445952,0
385051,2021/05/01,0.092465753424658,0.367588894495937,0
385052,2021/05/01,0.184931506849315,0.345558853299559,0
385053,2021/05/01,0.018493150684932,0.324809035881685,0
385066,2021/05/03,0.412800000000000,0.297541748721464,0
385066,2023/05/24,3.784402958059680,0.297541748721464,0
385067,2021/05/03,1.186800000000000,0.315959431532184,0
385067,2022/05/11,0.610754716981132,0.315959431532184,0
385067,2023/05/24,10.040928906547400,0.315959431532184,0
385068,2021/05/03,0.361200000000000,0.336051031060140,0
385068,2022/05/11,0.046981132075472,0.336051031060140,0
385068,2023/05/16,0.030230812535185,0.336051031060140,0
385068,2023/05/24,11.003752884585500,0.336051031060140,0
385068,2023/05/27,0.135550311092040,0.336051031060140,0
385069,2021/05/03,0.103200000000000,0.357534462027426,0
385069,2022/05/11,0.140943396226415,0.357534462027426,0
385069,2023/05/16,0.090692437605554,0.357534462027426,0
385069,2023/05/24,1.682227052512280,0.357534462027426,0
385069,2023/05/27,0.662690409783308,0.357534462027426,0
385070,2021/05/03,0.051600000000000,0.380173842547375,0
385070,2022/05/11,0.328867924528302,0.380173842547375,0
385070,2023/05/27,0.120489165415147,0.380173842547375,0
385152,2023/05/28,0.496772111039380,2.764360919384790,0
385153,2023/05/28,0.255912905686953,2.794252596059230,0
385154,2023/05/28,0.060214801338107,2.824146687281150,0
385155,2023/05/28,0.325481496070878,2.854043117177010,0
385157,2022/06/14,0.040645161290323,2.913842705044650,0
385158,2023/05/28,0.240146716441338,2.943745726337730,0
385159,2023/05/28,0.280320395067298,2.973650812661180,0
385751,2021/05/01,0.018493150684932,0.456535321366003,0
385752,2021/05/01,0.092465753424658,0.432795244136503,0
385755,2021/05/01,0.055479452054795,0.367120457188500,0
385756,2021/05/01,0.036986301369863,0.347659811052282,0
385757,2021/05/01,0.129452054794521,0.329784673639101,0
385770,2021/05/03,0.051600000000000,0.339406491406655,0
385771,2023/05/24,0.109415416451112,0.358185384586163,0
385772,2021/05/03,0.051600000000000,0.378414383530445,0
385772,2023/05/27,0.075305728384467,0.378414383530445,0
385773,2021/05/03,0.051600000000000,0.399873472747043,0
385773,2022/05/11,0.140943396226415,0.399873472747043,0
385773,2023/05/27,0.662690409783308,0.399873472747043,0
385774,2021/05/03,0.103200000000000,0.422375206847704,0
385774,2022/05/11,0.140943396226415,0.422375206847704,0
385774,2023/05/27,0.180733748122720,0.422375206847704,0
385855,2023/05/28,0.331181407359587,2.767146205612740,0
385856,2023/05/28,0.376342508363167,2.797008275254920,0
385857,2023/05/28,0.165590703679793,2.826873384649800,0
385858,2023/05/28,0.400037508832422,2.856741438460170,0
385861,2022/06/14,0.040645161290323,2.946362370891730,0
385862,2022/06/14,0.121935483870968,2.976241324804510,0
385862,2023/05/28,0.478155966149410,2.976241324804510,0
385863,2023/05/28,0.207901849039019,3.006122801666440,0
386459,2021/05/01,0.036986301369863,0.371515221926323,0
386460,2021/05/01,0.129452054794521,0.354843743019893,0
386461,2021/05/01,0.055479452054795,0.340007773530618,0
386462,2021/05/01,0.055479452054795,0.327257043355470,0
386463,2021/05/01,0.018493150684932,0.316843401471209,0
386476,2023/05/27,0.015061145676893,0.420779300022229,0
386477,2023/05/27,0.918729886290496,0.442218655933918,0
386478,2021/05/03,0.103200000000000,0.464607514196066,0
386557,2023/05/28,0.105375902341687,2.740426491992160,0
386558,2023/05/28,0.225805505017900,2.770251745818960,0
386560,2023/05/28,0.481718410704854,2.829913697580900,0
386561,2023/05/28,0.490359710839582,2.859750156758380,0
386563,2023/05/28,0.180644404014320,2.919433481315340,0
386564,2023/05/28,0.225805505017900,2.949280136105400,0
386565,2022/06/14,0.040645161290323,2.979129985859710,0
386565,2023/05/28,0.105375902341687,2.979129985859710,0
386566,2023/05/28,0.150537003345267,3.008982935492040,0
386567,2022/06/14,0.081290322580645,3.038838893643060,0
386567,2023/05/28,0.134770814099651,3.038838893643060,0
386568,2022/06/14,0.121935483870968,3.068697772501840,0
386568,2023/05/28,0.119717113765125,3.068697772501840,0
386569,2023/05/28,0.089609713096071,3.098559487632010,0
386570,2022/06/14,0.040645161290323,3.128423957812170,0
386570,2023/05/28,0.029394911757965,3.128423957812170,0
386571,2023/05/28,0.029394911757965,3.158291104889530,0
387162,2021/05/01,0.110958904109589,0.396193837970849,0
387166,2021/05/01,0.073972602739726,0.345449759665717,0
387180,2023/05/27,0.466895515983694,0.463145382328478,0
387195,2022/06/05,0.033237410071942,0.841498643487350,0
387260,2023/05/28,0.977869466034810,2.743888275806130,0
387261,2023/05/28,0.940637176254871,2.773676464242890,0
387262,2023/05/28,0.970032088012835,2.803469293248630,0
387263,2023/05/28,0.955690876589397,2.833266616429340,0
387264,2023/05/28,2.328518995877340,2.863068293464460,0
387265,2023/05/28,1.681209881492700,2.892874189797910,0
387266,2023/05/28,0.868218630226592,2.922684176340980,0
387272,2023/05/28,0.015053700334527,3.101623384518680,0
387273,2022/06/14,0.040645161290323,3.131458793857250,0
387273,2023/05/28,0.075268501672633,3.131458793857250,0
387274,2022/06/14,0.040645161290323,3.161297427877090,0
387274,2023/05/28,0.075268501672633,3.161297427877090,0
387275,2023/05/28,0.029394911757965,3.191139196119330,0
387276,2022/06/14,0.040645161290323,3.220984011468810,0
387277,2023/05/28,0.029394911757965,3.250831790002620,0
387278,2023/05/28,0.029394911757965,3.280682450841810,0
387279,2023/05/28,0.029394911757965,3.310535916015630,0
387280,2023/05/28,0.029394911757965,3.340392110338420,0
387865,2021/05/01,0.036986301369863,0.421551106436020,0
387869,2021/05/01,0.036986301369863,0.374260755116053,0
387870,2021/05/01,0.055479452054795,0.367646992524123,0
387899,2022/06/05,0.066474820143885,0.881006380779159,0
387900,2022/06/05,0.049856115107914,0.908452799081390,0
387963,2023/05/28,0.331181407359587,2.747671407403010,0
387964,2023/05/28,0.075268501672633,2.777419180144510,0
387965,2023/05/28,0.225805505017900,2.807172446210990,0
387966,2023/05/28,0.210751804683373,2.836931032761250,0
387967,2023/05/28,0.030107400669053,2.866694774100080,0
387968,2023/05/28,0.486797266284139,2.896463511319490,0
387978,2022/06/14,0.081290322580645,3.194394917699940,0
387978,2023/05/28,0.075268501672633,3.194394917699940,0
387979,2022/06/14,0.121935483870968,3.224209755757300,0
387979,2023/05/28,0.326193984981966,3.224209755757300,0
387980,2023/05/28,0.499713499885400,3.254028105178730,0
387981,2023/05/28,0.058789823515929,3.283849870309780,0
387984,2023/05/28,0.029394911757965,3.373334754006530,0
387985,2023/05/28,0.029394911757965,3.403169291855500,0
387986,2023/05/28,0.029394911757965,3.433006815710860,0
387987,2023/05/28,0.029394911757965,3.462847248383420,0
387988,2023/05/28,0.029394911757965,3.492690515315510,0
387990,2023/05/28,0.165590703679793,3.552385266228780,0
388572,2021/05/01,0.036986301369863,0.403232525850958,0
388573,2021/05/01,0.036986301369863,0.397101551111085,0
388574,2021/05/01,0.055479452054795,0.393171114282716,0
388602,2022/06/05,0.016618705035971,0.893700738297269,0
388603,2022/06/05,0.182805755395683,0.920768981925648,0
388604,2022/06/05,0.033237410071942,0.948014102069386,0
388666,2023/05/28,0.376342508363167,2.751774561372890,0
388667,2023/05/28,0.858060919068021,2.781478609800810,0
388668,2023/05/28,1.053759023416870,2.811189070117160,0
388669,2023/05/28,0.797846117729914,2.840905741152160,0
388670,2023/05/28,1.746229238805090,2.870628430024050,0
388682,2023/05/28,0.481718410704854,3.227709540318800,0
388683,2022/06/14,0.081290322580645,3.257496012622890,0
388683,2023/05/28,0.417941164811304,3.257496012622890,0
388684,2022/06/14,0.040645161290323,3.287286476527550,0
388684,2023/05/28,0.281032883978386,3.287286476527550,0
388685,2023/05/28,0.398612531010245,3.317080824486400,0
388686,2023/05/28,0.310427795736351,3.346878952771230,0
388687,2023/05/28,0.177081959458877,3.376680761299920,0
388688,2023/05/28,0.146974558789824,3.406486153479900,0
388689,2023/05/28,0.146974558789824,3.436295036062140,0
388690,2023/05/28,0.117579647031859,3.466107318991350,0
388691,2023/05/28,0.146974558789824,3.495922915273630,0
388692,2023/05/28,0.598585568825624,3.525741740851890,0
388693,2023/05/28,0.357013874562108,3.555563714476070,0
388694,2023/05/28,0.176369470547788,3.585388757592150,0
388695,2023/05/28,0.117579647031859,3.615216794231990,0
388696,2023/05/28,0.029394911757965,3.645047750904380,0
388697,2023/05/28,0.029394911757965,3.674881556497370,0
389273,2021/05/01,0.055479452054795,0.449585896900559,0
389274,2021/05/01,0.055479452054795,0.440021797910068,0
389277,2021/05/01,0.018493150684932,0.422964087963714,0
389278,2021/05/01,0.018493150684932,0.421418090667818,0
389304,2022/06/05,0.049856115107914,0.880741452359217,0
389305,2022/05/11,0.158400000000000,0.907204253049707,0
389305,2022/06/05,0.083093525179856,0.907204253049707,0
389306,2022/05/11,0.369600000000000,0.933881324608499,0
389306,2022/06/05,0.066474820143885,0.933881324608499,0
389307,2022/05/11,0.105600000000000,0.960754818361767,0
389307,2022/06/05,0.166187050359712,0.960754818361767,0
389373,2023/05/28,0.015053700334527,2.874868000277120,0
389388,2022/06/14,0.040645161290323,3.320752691669430,0
389389,2023/05/28,0.058789823515929,3.350518322875920,0
389390,2022/06/14,0.040645161290323,3.380288204454910,0
389390,2023/05/28,0.236584271885895,3.380288204454910,0
389391,2023/05/28,0.252350461131510,3.410062225087180,0
389392,2023/05/28,0.206476871216842,3.439840277296010,0
389393,2022/06/14,0.040645161290323,3.469622257275670,0
389393,2023/05/28,1.384410808268700,3.469622257275670,0
389394,2023/05/28,0.692470215388227,3.499408064741990,0
389395,2023/05/28,0.090322202007160,3.529197602786330,0
389398,2023/05/28,0.029394911757965,3.618587678967990,0
389399,2023/05/28,0.146974558789824,3.648391232905730,0
389400,2023/05/28,0.146974558789824,3.678198078787230,0
389401,2023/05/28,0.176369470547788,3.708008137226870,0
389402,2023/05/28,0.117579647031859,3.737821331359470,0
389975,2021/05/01,0.036986301369863,0.488407156168893,0
389976,2021/05/01,0.018493150684932,0.477736829241377,0
389977,2021/05/01,0.018493150684932,0.468747412102850,0
389982,2021/05/01,0.018493150684932,0.451877622728293,0
390007,2022/05/11,0.158400000000000,0.895440438901201,0
390007,2022/06/05,0.033237410071942,0.895440438901201,0
390008,2022/05/11,0.158400000000000,0.921481353079642,0
390008,2022/06/05,0.182805755395683,0.921481353079642,0
390009,2022/05/11,0.792000000000000,0.947756782635081,0
390009,2022/06/05,0.448705035971223,0.947756782635081,0
390010,2022/05/11,0.950400000000000,0.974247753137060,0
390010,2022/06/05,0.365611510791367,0.974247753137060,0
390011,2022/06/05,0.066474820143885,1.000937151103410,0
390057,2022/06/09,0.469285714285714,2.318064630773840,0
390094,2022/06/14,0.040645161290323,3.413896692070220,0
390095,2022/06/14,0.121935483870968,3.443641745563810,0
390095,2023/05/28,0.090322202007160,3.443641745563810,0
390096,2023/05/28,0.015053700334527,3.473391289451760,0
390097,2023/05/28,0.135483303010740,3.503145209331540,0
390678,2021/05/01,0.055479452054795,0.516174761817310,0
390686,2021/05/01,0.018493150684932,0.484132306453266,0
390711,2022/05/11,0.052800000000000,0.936496658482434,0
390711,2022/06/05,0.033237410071942,0.936496658482434,0
390712,2022/05/11,0.844800000000000,0.962362348371224,0
390712,2022/06/05,0.132949640287770,0.962362348371224,0
390713,2022/05/11,0.475200000000000,0.988462102425340,0
390713,2022/06/05,0.116330935251799,0.988462102425340,0
390714,2022/05/11,0.422400000000000,1.014777860646440,0
390714,2022/06/05,0.282517985611511,1.014777860646440,0
390715,2022/06/05,0.066474820143885,1.041293246466800,0
390759,2022/06/09,0.938571428571429,2.294732046822610,0
390760,2022/06/09,2.190000000000000,2.324079600592270,0
391381,2021/05/01,0.018493150684932,0.544170009267624,0
391382,2021/05/01,0.166438356164384,0.534613707539683,0
391383,2021/05/01,0.055479452054795,0.526596034375998,0
391390,2021/05/01,0.092465753424658,0.517846838874617,0
391391,2021/05/01,0.147945205479452,0.523510185470436,0
391392,2021/05/01,0.055479452054795,0.530811859209703,0
391415,2022/06/05,0.033237410071942,0.977665300495001,0
391416,2022/06/05,0.066474820143885,1.003367206494570,0
391417,2022/05/11,0.580800000000000,1.029302099558230,0
391417,2022/06/05,0.099712230215827,1.029302099558230,0
391418,2022/05/11,0.264000000000000,1.055452804745300,0
391418,2022/06/05,0.216043165467626,1.055452804745300,0
391462,2022/06/09,2.190000000000000,2.301196770648870,0
392086,2021/05/01,0.018493150684932,0.555677672996814,0
392087,2021/05/01,0.092465753424658,0.549608913022658,0
392088,2021/05/01,0.092465753424658,0.545126588747949,0
392089,2021/05/01,0.018493150684932,0.542270041334157,0
392090,2021/05/01,0.018493150684932,0.541065021208787,0
392094,2021/05/01,0.018493150684932,0.552754185664605,0
392095,2021/05/01,0.147945205479452,0.559674500597058,0
392121,2022/05/11,1.003200000000000,1.070261370131850,0
392121,2022/06/05,0.282517985611511,1.070261370131850,0
392122,2022/05/11,0.105600000000000,1.096256476811490,0
392122,2022/06/05,0.149568345323741,1.096256476811490,0
392165,2022/06/09,0.782142857142857,2.308031145187440,0
392790,2021/05/01,0.018493150684932,0.579080299591642,0
392791,2021/05/01,0.018493150684932,0.574827806879040,0
392792,2021/05/01,0.018493150684932,0.572119559952095,0
392793,2021/05/01,0.147945205479452,0.570977533122018,0
392794,2021/05/01,0.036986301369863,0.571411117246521,0
392795,2021/05/01,0.092465753424658,0.573416738183102,0
392796,2021/05/01,0.073972602739726,0.576978002592501,0
392797,2021/05/01,0.110958904109589,0.582066357432814,0
392798,2021/05/01,0.018493150684932,0.588642202501533,0
392824,2022/06/05,0.049856115107914,1.085692385966090,0
392825,2022/05/11,0.264000000000000,1.111326739243940,0
392825,2022/06/05,0.199424460431655,1.111326739243940,0
392868,2022/06/09,0.469285714285714,2.315231896852290,0
393500,2021/05/01,0.110958904109589,0.611436896248267,0
393501,2021/05/01,0.110958904109589,0.617700184124225,0
393528,2022/05/11,0.316800000000000,1.126989688821300,0
393528,2022/06/05,0.066474820143885,1.126989688821300,0
393529,2022/05/11,0.105600000000000,1.152486877905050,0
393529,2022/06/05,0.249280575539568,1.152486877905050,0
393530,2022/06/05,0.016618705035971,1.178196514820790,0
393571,2022/06/09,0.782142857142857,2.322795618242380,0
394204,2021/05/01,0.073972602739726,0.646836278413507,0
394205,2021/05/01,0.277397260273973,0.654137936631671,0
394231,2022/06/05,0.016618705035971,1.143220964970330,0
394232,2022/05/11,0.105600000000000,1.168364126158320,0
394232,2022/06/05,0.199424460431655,1.168364126158320,0
394233,2022/05/11,0.158400000000000,1.193731995152000,0
394233,2022/06/05,0.232661870503597,1.193731995152000,0
394908,2021/05/01,0.036986301369863,0.683029957695131,0
394909,2021/05/01,0.258904109589041,0.691252516218941,0
394910,2021/05/01,0.110958904109589,0.700664653978846,0
394911,2021/05/01,0.036986301369863,0.711219144552324,0
394912,2021/05/01,0.036986301369863,0.722865951547245,0
394922,2021/05/01,0.055479452054795,0.888033896739104,0
394936,2022/05/11,0.528000000000000,1.209807796055500,0
394936,2022/06/05,0.232661870503597,1.209807796055500,0
394937,2022/05/11,0.264000000000000,1.235053588945980,0
394937,2022/06/05,0.531798561151079,1.235053588945980,0
394938,2022/06/05,0.149568345323741,1.260508083988030,0
394940,2022/06/05,0.083093525179856,1.311994492525860,0
394942,2022/06/05,0.016618705035971,1.364178015964340,0
395024,2022/05/01,0.594200743494424,3.713309357737160,0
395025,2022/05/01,0.330111524163569,3.742841042126270,0
395612,2021/05/01,0.147945205479452,0.719898161487945,0
395613,2021/05/01,0.184931506849315,0.728940566361585,0
395614,2021/05/01,0.018493150684932,0.739091431013535,0
395615,2021/05/01,0.092465753424658,0.750305767834048,0
395616,2021/05/01,0.018493150684932,0.762536658024803,0
395620,2021/05/01,0.055479452054795,0.820660630545205,0
395624,2021/05/01,0.018493150684932,0.891245482433165,0
395625,2021/05/01,0.184931506849315,0.910510400347945,0
395626,2021/05/01,0.110958904109589,0.930344385728162,0
395640,2022/06/05,0.049856115107914,1.251313831025960,0
395641,2022/05/11,0.369600000000000,1.276444243361310,0
395641,2022/06/05,0.182805755395683,1.276444243361310,0
395642,2022/05/11,0.158400000000000,1.301781209271020,0
395642,2022/06/05,0.249280575539568,1.301781209271020,0
395643,2022/05/11,0.316800000000000,1.327312900153510,0
395643,2022/06/05,0.382230215827338,1.327312900153510,0
395644,2022/06/05,0.033237410071942,1.353028292653820,0
395645,2022/06/05,0.066474820143885,1.378917109266390,0
395727,2022/05/01,0.264089219330855,3.718757998289200,0
395728,2022/05/01,0.990334572490706,3.748246911606570,0
396315,2021/05/01,0.018493150684932,0.748643080908330,0
396316,2021/05/01,0.055479452054795,0.757342405508125,0
396317,2021/05/01,0.147945205479452,0.767117587571167,0
396318,2021/05/01,0.203424657534247,0.777928071565154,0
396320,2021/05/01,0.055479452054795,0.802483594492623,0
396321,2021/05/01,0.036986301369863,0.816140345137671,0
396322,2021/05/01,0.036986301369863,0.830656983284324,0
396323,2021/05/01,0.018493150684932,0.845989244720940,0
396324,2021/05/01,0.073972602739726,0.862093613172934,0
396325,2021/05/01,0.110958904109589,0.878927648300843,0
396326,2021/05/01,0.055479452054795,0.896450244801801,0
396327,2021/05/01,0.092465753424658,0.914621828541186,0
396328,2021/05/01,0.073972602739726,0.933404496703245,0
396330,2021/05/01,0.018493150684932,0.972660340022105,0
396331,2021/05/01,0.036986301369863,0.993066691824873,0
396332,2021/05/01,0.036986301369863,1.013950486538260,0
396333,2021/05/01,0.092465753424658,1.035282831531200,0
396334,2021/05/01,0.018493150684932,1.057036570205380,0
396345,2022/05/11,0.264000000000000,1.317897462425040,0
396346,2022/05/11,0.316800000000000,1.343122965083230,0
396346,2022/06/05,0.265899280575540,1.343122965083230,0
396347,2022/05/11,0.211200000000000,1.368541447878150,0
396347,2022/06/05,0.199424460431655,1.368541447878150,0
396348,2022/05/11,0.105600000000000,1.394142355406040,0
396348,2022/06/05,0.049856115107914,1.394142355406040,0
396349,2022/06/05,0.033237410071942,1.419915820413980,0
396350,2022/06/05,0.049856115107914,1.445852615011400,0
396431,2022/05/01,0.990334572490706,3.753883393481530,0
396432,2022/05/01,0.330111524163569,3.783336674093820,0
396472,2022/06/14,0.037959183673469,4.966904524569320,0
397021,2021/05/01,0.036986301369863,0.805714094149702,0
397024,2021/05/01,0.018493150684932,0.842667494573973,0
397025,2021/05/01,0.055479452054795,0.856734845477878,0
397026,2021/05/01,0.073972602739726,0.871608577021823,0
397027,2021/05/01,0.018493150684932,0.887248135899867,0
397028,2021/05/01,0.406849315068493,0.903613758644984,0
397029,2021/05/01,0.166438356164384,0.920666726890700,0
397038,2021/05/01,0.055479452054795,1.099385743556240,0
397039,2021/05/01,0.073972602739726,1.121501975308350,0
397040,2021/05/01,0.073972602739726,1.143977786114750,0
397041,2021/05/01,0.036986301369863,1.166792396552770,0
397042,2021/05/01,0.036986301369863,1.189926319232090,0
397043,2021/05/01,0.018493150684932,1.213361290285980,0
397049,2022/06/05,0.083093525179856,1.359407533242530,0
397050,2022/05/11,0.158400000000000,1.384527213918160,0
397050,2022/06/05,0.182805755395683,1.384527213918160,0
397051,2022/05/11,0.211200000000000,1.409838004072230,0
397051,2022/06/05,0.216043165467626,1.409838004072230,0
397052,2022/05/11,0.475200000000000,1.435329793591480,0
397053,2022/05/11,0.369600000000000,1.460993108134040,0
397053,2022/06/05,0.315755395683453,1.460993108134040,0
397054,2022/05/11,1.003200000000000,1.486819065879190,0
397054,2022/06/05,0.332374100719424,1.486819065879190,0
397055,2022/05/11,1.900800000000000,1.512799337088750,0
397055,2022/06/05,0.199424460431655,1.512799337088750,0
397056,2022/05/11,0.475200000000000,1.538926106389770,0
397056,2022/06/05,0.066474820143885,1.538926106389770,0
397057,2022/06/05,0.049856115107914,1.565192037595630,0
397058,2022/06/05,0.016618705035971,1.591590240972570,0
397133,2022/05/01,0.396133828996283,3.730351151030280,0
397134,2022/05/01,0.396133828996283,3.759749450540190,0
397135,2022/05/01,1.584535315985130,3.789157291315850,0
397136,2022/05/01,0.264089219330855,3.818574452915640,0
397175,2022/06/14,0.113877551020408,4.971345155150930,0
397176,2022/06/14,0.189795918367347,5.001010256505590,0
397731,2021/05/01,0.203424657534247,0.928607353038184,0
397732,2021/05/01,0.018493150684932,0.945209595824368,0
397746,2021/05/01,0.092465753424658,1.232088846826620,0
397747,2021/05/01,0.018493150684932,1.255454117266530,0
397756,2022/05/11,0.052800000000000,1.476584476796690,0
397756,2022/06/05,0.033237410071942,1.476584476796690,0
397757,2022/05/11,0.792000000000000,1.502142535775130,0
397757,2022/06/05,0.166187050359712,1.502142535775130,0
397758,2022/05/11,0.475200000000000,1.527862400576540,0
397758,2022/06/05,0.049856115107914,1.527862400576540,0
397759,2022/06/05,0.066474820143885,1.553736035836480,0
397760,2022/06/05,0.132949640287770,1.579755886095270,0
397761,2022/06/05,0.049856115107914,1.605914844221290,0
397835,2022/05/01,0.132044609665428,3.707153509282300,0
397836,2022/05/01,3.169070631970260,3.736493504084650,0
397837,2022/05/01,1.386468401486990,3.765844009921450,0
397838,2022/05/01,1.980669144981410,3.795204782927990,0
397877,2022/06/14,0.037959183673469,4.946328218046340,0
397878,2022/06/14,0.075918367346939,4.975961668279380,0
398433,2021/05/01,0.018493150684932,0.938395599037728,0
398434,2021/05/01,0.018493150684932,0.953884261642224,0
398538,2022/05/01,0.660223048327138,3.713575062382860,0
398539,2022/05/01,1.518513011152420,3.742864875884420,0
398540,2022/05/01,0.528178438661710,3.772165964041930,0
398541,2022/05/01,0.132044609665428,3.801478066144030,0
399155,2021/05/01,0.018493150684932,1.339693117241270,0
399156,2021/05/01,0.018493150684932,1.363195860243680,0
399242,2022/05/01,0.132044609665428,3.749464098899190,0
399243,2022/05/01,1.716579925650560,3.778714171544030,0
399244,2022/05/01,0.198066914498141,3.807976025019560,0
399840,2021/05/01,0.018493150684932,1.005202294143200,0
399860,2021/05/01,0.036986301369863,1.405274850298650,0
399861,2021/05/01,0.036986301369863,1.428959335169750,0
399897,2022/06/09,0.625714285714286,2.378631291500370,0
399946,2022/05/01,0.066022304832714,3.785487458262860,0
400561,2022/05/11,0.031428571428571,1.378006757864430,0
400565,2021/05/01,0.018493150684932,1.470990081540570,0
400566,2021/05/01,0.018493150684932,1.494838221002000,0
400568,2021/05/01,0.018493150684932,1.543179479741050,0
400600,2022/06/09,0.312857142857143,2.389741539772530,0
400662,2022/06/14,0.037959183673469,4.172462914637920,0
400663,2022/06/14,0.037959183673469,4.201768811311390,0
400664,2022/06/14,0.075918367346939,4.231084540422760,0
400665,2022/06/14,0.113877551020408,4.260409899001610,0
400666,2022/06/14,0.075918367346939,4.289744689560070,0
400668,2022/06/14,0.037959183673469,4.348441803012330,0
400669,2022/06/14,0.265714285714286,4.377803756752270,0
400670,2022/06/14,0.075918367346939,4.407174403840080,0
400671,2022/06/14,0.037959183673469,4.436553571619840,0
400672,2022/06/14,0.037959183673469,4.465941091929710,0
401262,2022/05/11,0.094285714285714,1.353513863719990,0
401263,2022/05/11,0.282857142857143,1.375472404599910,0
401264,2022/05/11,0.314285714285714,1.397730223351670,0
401274,2021/05/01,0.018493150684932,1.633999039816680,0
401376,2022/06/14,0.303673469387755,4.501432908692440,0
401377,2022/06/14,0.037959183673469,4.530797241669030,0
401967,2022/05/11,0.251428571428571,1.417810532382480,0
401968,2022/05/11,0.157142857142857,1.440039364936360,0
401969,2022/05/11,0.125714285714286,1.462546045076230,0
401970,2022/05/11,0.062857142857143,1.485317942373470,0
401971,2022/05/11,0.031428571428571,1.508343044692370,0
401972,2022/05/11,0.031428571428571,1.531609932578470,0
402080,2022/06/14,0.113877551020408,4.537043103118490,0
402081,2022/06/14,0.113877551020408,4.566375789251070,0
402082,2022/06/14,0.037959183673469,4.595717187969170,0
402675,2022/05/11,0.094285714285714,1.550534581520730,0
402676,2022/05/11,0.031428571428571,1.573749985502560,0
402677,2022/05/11,0.031428571428571,1.597191738475690,0
402679,2022/05/11,0.031428571428571,1.644715485197920,0
402680,2022/05/11,0.062857142857143,1.668779246173300,0
402688,2022/05/11,0.031428571428571,1.867495083047620,0
403380,2022/05/11,0.094285714285714,1.615902384073980,0
403381,2022/05/11,0.157142857142857,1.639290779473630,0
403382,2022/05/11,0.031428571428571,1.662891733797820,0
403384,2022/05/11,0.157142857142857,1.710696050512120,0
403385,2022/05/11,0.094285714285714,1.734882813755540,0
403386,2022/05/11,0.031428571428571,1.759248899827510,0
403387,2022/05/11,0.094285714285714,1.783786960225550,0
403388,2022/05/11,0.031428571428571,1.808489994785960,0
403389,2022/05/11,0.062857142857143,1.833351334810970,0
403391,2022/05/11,0.094285714285714,1.883523817101750,0
403392,2022/05/11,0.282857142857143,1.908823136572050,0
404092,2022/05/11,0.408571428571429,1.850159446365460,0
404093,2022/05/11,0.125714285714286,1.874948650310590,0
404094,2022/05/11,0.220000000000000,1.899888372803010,0
404095,2022/05/11,0.125714285714286,1.924972763551150,0
404795,2022/05/11,0.031428571428571,1.867295534184910,0
404796,2022/05/11,0.031428571428571,1.891860346640200,0