"cell_id","effortId","search_effort","longitude","latitude"
17628,"2020-07-25T14-43-00-Caitlin Robinson",3.675,-123.571227,49.008576
77418,"2021-07-21T11-39-00-Andrew Simon",0.0612587412587413,-123.556912,48.985711
78120,"2021-07-21T11-39-00-Andrew Simon",0.0204195804195804,-123.557321,48.985442
78121,"2021-07-21T11-39-00-Andrew Simon",0.142937062937063,-123.556912,48.985442
78822,"2021-07-21T11-39-00-Andrew Simon",0.0816783216783217,-123.55773,48.985173
78822,"2022-06-14-Frank Lomer-3",0.072,-123.55773,48.985173
78823,"2021-07-21T11-39-00-Andrew Simon",0.0816783216783217,-123.557321,48.985173
78823,"2022-06-14-Frank Lomer-3",0.036,-123.557321,48.985173
78824,"2021-07-21T11-39-00-Andrew Simon",0.0612587412587413,-123.556912,48.985173
78824,"2022-06-14-Frank Lomer-3",0.072,-123.556912,48.985173
79522,"2021-07-21T11-39-00-Andrew Simon",0.163356643356643,-123.558957,48.984904
79523,"2021-07-21T11-39-00-Andrew Simon",0.122517482517483,-123.558548,48.984904
79523,"2022-06-14-Frank Lomer-3",0.036,-123.558548,48.984904
79524,"2021-07-21T11-39-00-Andrew Simon",0.0612587412587413,-123.558139,48.984904
79524,"2022-06-14-Frank Lomer-3",0.036,-123.558139,48.984904
79525,"2021-07-21T11-39-00-Andrew Simon",0.102097902097902,-123.55773,48.984904
79525,"2022-06-14-Frank Lomer-3",0.036,-123.55773,48.984904
79526,"2021-07-21T11-39-00-Andrew Simon",0.163356643356643,-123.557321,48.984904
79527,"2021-07-21T11-39-00-Andrew Simon",0.0816783216783217,-123.556912,48.984904
80225,"2021-07-21T11-39-00-Andrew Simon",0.142937062937063,-123.558957,48.984635
80225,"2022-06-14-Frank Lomer-3",0.072,-123.558957,48.984635
80227,"2021-07-21T11-39-00-Andrew Simon",0.0816783216783217,-123.558139,48.984635
80227,"2022-06-14-Frank Lomer-3",0.036,-123.558139,48.984635
80228,"2021-07-21T11-39-00-Andrew Simon",0.0612587412587413,-123.55773,48.984635
80229,"2021-07-21T11-39-00-Andrew Simon",0.0408391608391608,-123.557321,48.984635
80230,"2021-07-21T11-39-00-Andrew Simon",0.122517482517483,-123.556912,48.984635
80231,"2021-07-21T11-39-00-Andrew Simon",0.0816783216783217,-123.556503,48.984635
80231,"2022-06-14-Frank Lomer-3",0.036,-123.556503,48.984635
80928,"2021-07-21T11-39-00-Andrew Simon",0.0408391608391608,-123.558957,48.984366
80933,"2021-07-21T11-39-00-Andrew Simon",0.102097902097902,-123.556912,48.984366
80935,"2021-07-21T11-39-00-Andrew Simon",0.0612587412587413,-123.556094,48.984366
80935,"2022-06-14-Frank Lomer-3",0.072,-123.556094,48.984366
81632,"2021-07-21T11-39-00-Andrew Simon",0.0408391608391608,-123.558548,48.984097
81636,"2021-07-21T11-39-00-Andrew Simon",0.102097902097902,-123.556912,48.984097
81637,"2021-07-21T11-39-00-Andrew Simon",0.0612587412587413,-123.556503,48.984097
81639,"2021-07-21T11-39-00-Andrew Simon",0.0612587412587413,-123.555685,48.984097
81639,"2022-06-14-Frank Lomer-3",0.036,-123.555685,48.984097
82340,"2021-07-21T11-39-00-Andrew Simon",0.0816783216783217,-123.556503,48.983828
82342,"2021-07-21T11-39-00-Andrew Simon",0.0612587412587413,-123.555685,48.983828
82343,"2022-06-14-Frank Lomer-3",0.072,-123.555276,48.983828
83039,"2021-07-21T11-39-00-Andrew Simon",0.0204195804195804,-123.558139,48.983559
83043,"2021-07-21T11-39-00-Andrew Simon",0.0204195804195804,-123.556503,48.983559
83044,"2021-07-21T11-39-00-Andrew Simon",0.163356643356643,-123.556094,48.983559
83045,"2021-07-21T11-39-00-Andrew Simon",0.0816783216783217,-123.555685,48.983559
83046,"2021-07-21T11-39-00-Andrew Simon",0.0204195804195804,-123.555276,48.983559
83046,"2022-06-14-Frank Lomer-3",0.036,-123.555276,48.983559
83743,"2021-07-21T11-39-00-Andrew Simon",0.0204195804195804,-123.55773,48.98329
83747,"2021-07-21T11-39-00-Andrew Simon",0.204195804195804,-123.556094,48.98329
83748,"2021-07-21T11-39-00-Andrew Simon",0.0408391608391608,-123.555685,48.98329
84446,"2021-07-21T11-39-00-Andrew Simon",0.0204195804195804,-123.55773,48.983021
85852,"2021-07-21T11-39-00-Andrew Simon",0.0204195804195804,-123.55773,48.982483
86556,"2021-07-21T11-39-00-Andrew Simon",0.0408391608391608,-123.557321,48.982214
87962,"2021-07-21T11-39-00-Andrew Simon",0.0408391608391608,-123.557321,48.981676
88665,"2021-07-21T11-39-00-Andrew Simon",0.0612587412587413,-123.557321,48.981407
89367,"2021-07-21T11-39-00-Andrew Simon",0.0204195804195804,-123.55773,48.981138
89368,"2021-07-21T11-39-00-Andrew Simon",0.0816783216783217,-123.557321,48.981138
90070,"2021-07-21T11-39-00-Andrew Simon",0.0204195804195804,-123.55773,48.980869
90773,"2021-07-21T11-39-00-Andrew Simon",0.0408391608391608,-123.55773,48.9806
92179,"2021-07-21T11-39-00-Andrew Simon",0.0204195804195804,-123.55773,48.980062
93585,"2021-07-21T11-39-00-Andrew Simon",0.204195804195804,-123.55773,48.979524
93586,"2021-07-21T11-39-00-Andrew Simon",0.183776223776224,-123.557321,48.979524
94288,"2021-07-21T11-39-00-Andrew Simon",0.0408391608391608,-123.55773,48.979255
94289,"2021-07-21T11-39-00-Andrew Simon",0.0612587412587413,-123.557321,48.979255
94290,"2021-07-21T11-39-00-Andrew Simon",0.102097902097902,-123.556912,48.979255
94993,"2021-07-21T11-39-00-Andrew Simon",0.0612587412587413,-123.556912,48.978986
94994,"2021-07-21T11-39-00-Andrew Simon",0.0612587412587413,-123.556503,48.978986
95697,"2021-07-21T11-39-00-Andrew Simon",0.0408391608391608,-123.556503,48.978717
95698,"2021-07-21T11-39-00-Andrew Simon",0.163356643356643,-123.556094,48.978717
95699,"2021-07-21T11-39-00-Andrew Simon",0.0612587412587413,-123.555685,48.978717
95700,"2021-07-21T11-39-00-Andrew Simon",0.0408391608391608,-123.555276,48.978717
96402,"2021-07-21T11-39-00-Andrew Simon",0.0408391608391608,-123.555685,48.978448
96403,"2021-07-21T11-39-00-Andrew Simon",0.0204195804195804,-123.555276,48.978448
96404,"2021-07-21T11-39-00-Andrew Simon",0.0408391608391608,-123.554867,48.978448
97106,"2021-07-21T11-39-00-Andrew Simon",0.0612587412587413,-123.555276,48.978179
97107,"2021-07-21T11-39-00-Andrew Simon",0.0408391608391608,-123.554867,48.978179
97809,"2021-07-21T11-39-00-Andrew Simon",0.0204195804195804,-123.555276,48.97791
97810,"2021-07-21T11-39-00-Andrew Simon",0.0204195804195804,-123.554867,48.97791
97811,"2021-07-21T11-39-00-Andrew Simon",0.0408391608391608,-123.554458,48.97791
97812,"2021-07-21T11-39-00-Andrew Simon",0.0612587412587413,-123.554049,48.97791
98513,"2021-06-05T18-36-00-Caitlin Robinson",0.0162085308056872,-123.554867,48.977641
98513,"2021-07-21T11-39-00-Andrew Simon",0.0204195804195804,-123.554867,48.977641
98514,"2021-06-05T18-36-00-Caitlin Robinson",0.226919431279621,-123.554458,48.977641
98514,"2021-07-21T11-39-00-Andrew Simon",0.0408391608391608,-123.554458,48.977641
98515,"2021-06-05T18-36-00-Caitlin Robinson",0.210710900473934,-123.554049,48.977641
98516,"2021-06-05T18-36-00-Caitlin Robinson",0.210710900473934,-123.55364,48.977641
98516,"2021-07-21T11-39-00-Andrew Simon",0.0408391608391608,-123.55364,48.977641
98517,"2021-06-05T18-36-00-Caitlin Robinson",0.226919431279621,-123.553231,48.977641
98517,"2021-07-21T11-39-00-Andrew Simon",0.0816783216783217,-123.553231,48.977641
98518,"2021-06-05T18-36-00-Caitlin Robinson",0.210710900473934,-123.552822,48.977641
98518,"2021-07-21T11-39-00-Andrew Simon",0.0612587412587413,-123.552822,48.977641
98519,"2021-06-05T18-36-00-Caitlin Robinson",0.0486255924170616,-123.552413,48.977641
99217,"2021-07-21T11-39-00-Andrew Simon",0.0408391608391608,-123.554458,48.977372
99221,"2021-07-21T11-39-00-Andrew Simon",0.0816783216783217,-123.552822,48.977372
99222,"2021-07-21T11-39-00-Andrew Simon",0.0816783216783217,-123.552413,48.977372
99223,"2021-07-21T11-39-00-Andrew Simon",0.0204195804195804,-123.552004,48.977372
99224,"2021-07-21T11-39-00-Andrew Simon",0.0204195804195804,-123.551595,48.977372
99921,"2021-07-21T11-39-00-Andrew Simon",0.0612587412587413,-123.554049,48.977103
99924,"2021-07-21T11-39-00-Andrew Simon",0.0816783216783217,-123.552822,48.977103
99925,"2021-07-21T11-39-00-Andrew Simon",0.163356643356643,-123.552413,48.977103
99926,"2021-07-21T11-39-00-Andrew Simon",0.0408391608391608,-123.552004,48.977103
99927,"2021-07-21T11-39-00-Andrew Simon",0.0408391608391608,-123.551595,48.977103
99928,"2021-07-21T11-39-00-Andrew Simon",0.0204195804195804,-123.551186,48.977103
100624,"2021-07-21T11-39-00-Andrew Simon",0.0408391608391608,-123.554049,48.976834
100625,"2021-07-21T11-39-00-Andrew Simon",0.102097902097902,-123.55364,48.976834
100628,"2021-07-21T11-39-00-Andrew Simon",0.102097902097902,-123.552413,48.976834
100631,"2021-07-21T11-39-00-Andrew Simon",0.0204195804195804,-123.551186,48.976834
101328,"2021-07-21T11-39-00-Andrew Simon",0.0204195804195804,-123.55364,48.976565
101329,"2021-07-21T11-39-00-Andrew Simon",0.0612587412587413,-123.553231,48.976565
101335,"2021-07-21T11-39-00-Andrew Simon",0.0408391608391608,-123.550777,48.976565
102032,"2021-07-21T11-39-00-Andrew Simon",0.122517482517483,-123.553231,48.976296
102039,"2021-07-21T11-39-00-Andrew Simon",0.0408391608391608,-123.550368,48.976296
102735,"2021-07-21T11-39-00-Andrew Simon",0.0408391608391608,-123.553231,48.976027
102742,"2021-07-21T11-39-00-Andrew Simon",0.0612587412587413,-123.550368,48.976027
103439,"2021-07-21T11-39-00-Andrew Simon",0.0204195804195804,-123.552822,48.975758
103444,"2021-07-21T11-39-00-Andrew Simon",0.0204195804195804,-123.550777,48.975758
103445,"2021-07-21T11-39-00-Andrew Simon",0.142937062937063,-123.550368,48.975758
104142,"2021-07-21T11-39-00-Andrew Simon",0.0408391608391608,-123.552822,48.975489
104148,"2021-07-21T11-39-00-Andrew Simon",0.0204195804195804,-123.550368,48.975489
104846,"2021-07-21T11-39-00-Andrew Simon",0.0204195804195804,-123.552413,48.97522
104851,"2021-07-21T11-39-00-Andrew Simon",0.0408391608391608,-123.550368,48.97522
105549,"2021-07-21T11-39-00-Andrew Simon",0.0408391608391608,-123.552413,48.974951
105550,"2021-07-21T11-39-00-Andrew Simon",0.0204195804195804,-123.552004,48.974951
105554,"2021-07-21T11-39-00-Andrew Simon",0.142937062937063,-123.550368,48.974951
106253,"2021-07-21T11-39-00-Andrew Simon",0.102097902097902,-123.552004,48.974682
106254,"2021-07-21T11-39-00-Andrew Simon",0.142937062937063,-123.551595,48.974682
106255,"2021-07-21T11-39-00-Andrew Simon",0.0408391608391608,-123.551186,48.974682
106257,"2021-07-21T11-39-00-Andrew Simon",0.0816783216783217,-123.550368,48.974682
106959,"2021-07-21T11-39-00-Andrew Simon",0.0408391608391608,-123.550777,48.974413
106960,"2021-07-21T11-39-00-Andrew Simon",0.0816783216783217,-123.550368,48.974413
106961,"2021-07-21T11-39-00-Andrew Simon",0.0612587412587413,-123.549959,48.974413
106962,"2021-07-21T11-39-00-Andrew Simon",0.102097902097902,-123.54955,48.974413
107663,"2021-07-21T11-39-00-Andrew Simon",0.0612587412587413,-123.550368,48.974144
107666,"2021-07-21T11-39-00-Andrew Simon",0.0408391608391608,-123.549141,48.974144
107667,"2021-07-21T11-39-00-Andrew Simon",0.0204195804195804,-123.548732,48.974144
108366,"2021-07-21T11-39-00-Andrew Simon",0.0408391608391608,-123.550368,48.973875
108367,"2021-07-21T11-39-00-Andrew Simon",0.0204195804195804,-123.549959,48.973875
108370,"2021-07-21T11-39-00-Andrew Simon",0.0612587412587413,-123.548732,48.973875
108371,"2021-07-21T11-39-00-Andrew Simon",0.0204195804195804,-123.548323,48.973875
109070,"2021-07-21T11-39-00-Andrew Simon",0.0408391608391608,-123.549959,48.973606
109073,"2021-07-21T11-39-00-Andrew Simon",0.122517482517483,-123.548732,48.973606
109074,"2021-07-21T11-39-00-Andrew Simon",0.0612587412587413,-123.548323,48.973606
109772,"2021-07-21T11-39-00-Andrew Simon",0.0408391608391608,-123.550368,48.973337
109773,"2021-07-21T11-39-00-Andrew Simon",0.0816783216783217,-123.549959,48.973337
109777,"2021-07-21T11-39-00-Andrew Simon",0.0816783216783217,-123.548323,48.973337
110476,"2021-07-21T11-39-00-Andrew Simon",0.0408391608391608,-123.549959,48.973068
110480,"2021-07-21T11-39-00-Andrew Simon",0.0408391608391608,-123.548323,48.973068
111177,"2021-07-21T11-39-00-Andrew Simon",0.0408391608391608,-123.550777,48.972799
111178,"2021-07-21T11-39-00-Andrew Simon",0.142937062937063,-123.550368,48.972799
111179,"2021-07-21T11-39-00-Andrew Simon",0.0612587412587413,-123.549959,48.972799
111182,"2021-07-21T11-39-00-Andrew Simon",0.0612587412587413,-123.548732,48.972799
111183,"2021-07-21T11-39-00-Andrew Simon",0.0408391608391608,-123.548323,48.972799
111882,"2021-07-21T11-39-00-Andrew Simon",0.0612587412587413,-123.549959,48.97253
111883,"2021-07-21T11-39-00-Andrew Simon",0.0612587412587413,-123.54955,48.97253
111884,"2021-07-21T11-39-00-Andrew Simon",0.0612587412587413,-123.549141,48.97253
111885,"2021-07-21T11-39-00-Andrew Simon",0.0612587412587413,-123.548732,48.97253
111886,"2021-07-21T11-39-00-Andrew Simon",0.0204195804195804,-123.548323,48.97253
112586,"2021-07-21T11-39-00-Andrew Simon",0.0612587412587413,-123.54955,48.972261
179496,"2021-06-14T20-52-00-Caitlin Robinson",1.52176165803109,-123.498425,48.946706
179497,"2021-06-14T20-52-00-Caitlin Robinson",1.78115284974093,-123.498016,48.946706
179498,"2021-06-14T20-52-00-Caitlin Robinson",1.78115284974093,-123.497607,48.946706
179499,"2021-06-14T20-52-00-Caitlin Robinson",0.259391191709845,-123.497198,48.946706
182273,"2023-05-27T09-48-00-Spencer Shields",0.0301702838063439,-123.51274,48.94563
182274,"2023-05-27T09-29-00-Andy Taggart-Smith",0.133263378803778,-123.512331,48.94563
182274,"2023-05-27T09-48-00-Spencer Shields",0.0452554257095159,-123.512331,48.94563
182275,"2023-05-27T09-29-00-Andy Taggart-Smith",0.0666316894018888,-123.511922,48.94563
182976,"2023-05-27T09-29-00-Andy Taggart-Smith",0.459467955032253,-123.51274,48.945361
182976,"2023-05-27T09-48-00-Spencer Shields",0.015085141903172,-123.51274,48.945361
182977,"2023-05-27T09-29-00-Andy Taggart-Smith",0.814234649811531,-123.512331,48.945361
182977,"2023-05-27T09-48-00-Spencer Shields",0.362043405676127,-123.512331,48.945361
182978,"2023-05-27T09-29-00-Andy Taggart-Smith",1.59990718107226,-123.511922,48.945361
182978,"2023-05-27T09-43-00-Jackson W.F. Chu",0.120350877192982,-123.511922,48.945361
182978,"2023-05-27T09-48-00-Spencer Shields",0.15085141903172,-123.511922,48.945361
183676,"2023-05-27T09-43-00-Jackson W.F. Chu",0.0300877192982456,-123.513967,48.945092
183677,"2023-05-27T09-43-00-Jackson W.F. Chu",0.0451315789473684,-123.513558,48.945092
183678,"2023-05-27T09-29-00-Andy Taggart-Smith",0.724290777275573,-123.513149,48.945092
183678,"2023-05-27T09-43-00-Jackson W.F. Chu",0.0451315789473684,-123.513149,48.945092
183679,"2023-05-27T09-29-00-Andy Taggart-Smith",0.760556019251621,-123.51274,48.945092
183679,"2023-05-27T09-43-00-Jackson W.F. Chu",0.0451315789473684,-123.51274,48.945092
183680,"2023-05-27T09-29-00-Andy Taggart-Smith",0.0294117647058824,-123.512331,48.945092
183680,"2023-05-27T09-43-00-Jackson W.F. Chu",0.0451315789473684,-123.512331,48.945092
183680,"2023-05-27T09-48-00-Spencer Shields",0.105595993322204,-123.512331,48.945092
183681,"2023-05-27T09-29-00-Andy Taggart-Smith",0.745777442100952,-123.511922,48.945092
183681,"2023-05-27T09-43-00-Jackson W.F. Chu",0.135394736842105,-123.511922,48.945092
183681,"2023-05-27T09-48-00-Spencer Shields",0.346958263772955,-123.511922,48.945092
183682,"2023-05-27T09-29-00-Andy Taggart-Smith",0.731244648056542,-123.511513,48.945092
183682,"2023-05-27T09-43-00-Jackson W.F. Chu",0.391140350877193,-123.511513,48.945092
183682,"2023-05-27T09-48-00-Spencer Shields",0.165936560934891,-123.511513,48.945092
183683,"2023-05-27T09-48-00-Spencer Shields",2.27785642737896,-123.511104,48.945092
183684,"2023-05-27T09-29-00-Andy Taggart-Smith",0.353666622463864,-123.510695,48.945092
183684,"2023-05-27T09-48-00-Spencer Shields",0.799512520868114,-123.510695,48.945092
183686,"2023-05-27T09-29-00-Andy Taggart-Smith",0.0252619016045617,-123.509877,48.945092
184375,"2023-05-27T09-43-00-Jackson W.F. Chu",0.240701754385965,-123.515603,48.944823
184376,"2023-05-27T09-43-00-Jackson W.F. Chu",0.556622807017544,-123.515194,48.944823
184377,"2023-05-27T09-43-00-Jackson W.F. Chu",0.120350877192982,-123.514785,48.944823
184378,"2023-05-27T09-43-00-Jackson W.F. Chu",0.0300877192982456,-123.514376,48.944823
184379,"2023-05-27T09-43-00-Jackson W.F. Chu",0.0300877192982456,-123.513967,48.944823
184381,"2023-05-27T09-29-00-Andy Taggart-Smith",1.15764718454818,-123.513149,48.944823
184382,"2023-05-27T09-29-00-Andy Taggart-Smith",0.329254367014382,-123.51274,48.944823
184383,"2023-05-27T09-29-00-Andy Taggart-Smith",0.705882352941177,-123.512331,48.944823
184383,"2023-05-27T09-48-00-Spencer Shields",0.105595993322204,-123.512331,48.944823
184384,"2023-05-27T09-29-00-Andy Taggart-Smith",0.852941176470588,-123.511922,48.944823
184385,"2023-05-27T09-29-00-Andy Taggart-Smith",4.87370089331869,-123.511513,48.944823
184385,"2023-05-27T09-43-00-Jackson W.F. Chu",0.210614035087719,-123.511513,48.944823
184385,"2023-05-27T09-48-00-Spencer Shields",0.995619365609349,-123.511513,48.944823
184386,"2023-05-27T09-29-00-Andy Taggart-Smith",3.19595063518003,-123.511104,48.944823
184386,"2023-05-27T09-43-00-Jackson W.F. Chu",0.315921052631579,-123.511104,48.944823
184386,"2023-05-27T09-48-00-Spencer Shields",0.920193656093489,-123.511104,48.944823
184387,"2023-05-27T09-29-00-Andy Taggart-Smith",1.95886409198343,-123.510695,48.944823
184388,"2023-05-27T09-29-00-Andy Taggart-Smith",1.58408543101633,-123.510286,48.944823
184389,"2023-05-27T09-29-00-Andy Taggart-Smith",1.27751819465354,-123.509877,48.944823
185080,"2023-05-27T09-43-00-Jackson W.F. Chu",0.541578947368421,-123.514785,48.944554
185085,"2023-05-27T09-29-00-Andy Taggart-Smith",1.62081378949982,-123.51274,48.944554
185086,"2023-05-27T09-29-00-Andy Taggart-Smith",0.313638047034134,-123.512331,48.944554
185086,"2023-05-27T09-48-00-Spencer Shields",0.105595993322204,-123.512331,48.944554
185089,"2023-05-27T09-29-00-Andy Taggart-Smith",5.21817314734019,-123.511104,48.944554
185089,"2023-05-27T09-43-00-Jackson W.F. Chu",0.330964912280702,-123.511104,48.944554
185089,"2023-05-27T09-48-00-Spencer Shields",0.346958263772955,-123.511104,48.944554
185090,"2023-05-27T09-29-00-Andy Taggart-Smith",3.01272696318537,-123.510695,48.944554
185090,"2023-05-27T09-43-00-Jackson W.F. Chu",0.48140350877193,-123.510695,48.944554
185090,"2023-05-27T09-48-00-Spencer Shields",0.482724540901503,-123.510695,48.944554
185091,"2023-05-27T09-43-00-Jackson W.F. Chu",0.10530701754386,-123.510286,48.944554
185092,"2023-05-27T09-29-00-Andy Taggart-Smith",0.101047606418247,-123.509877,48.944554
185782,"2023-05-27T09-43-00-Jackson W.F. Chu",0.0150438596491228,-123.515194,48.944285
185783,"2023-05-27T09-43-00-Jackson W.F. Chu",0.255745614035088,-123.514785,48.944285
185784,"2023-05-27T09-43-00-Jackson W.F. Chu",0.58671052631579,-123.514376,48.944285
185788,"2023-05-27T09-29-00-Andy Taggart-Smith",2.02526190160456,-123.51274,48.944285
185789,"2023-05-27T09-29-00-Andy Taggart-Smith",0.401135991833005,-123.512331,48.944285
185789,"2023-05-27T09-48-00-Spencer Shields",0.799512520868114,-123.512331,48.944285
185790,"2023-05-27T09-29-00-Andy Taggart-Smith",0.0294117647058824,-123.511922,48.944285
185793,"2023-05-27T09-29-00-Andy Taggart-Smith",0.568569504546882,-123.510695,48.944285
185793,"2023-05-27T09-48-00-Spencer Shields",0.829682804674457,-123.510695,48.944285
185794,"2023-05-27T09-29-00-Andy Taggart-Smith",0.876466049951764,-123.510286,48.944285
185794,"2023-05-27T09-43-00-Jackson W.F. Chu",1.1884649122807,-123.510286,48.944285
185794,"2023-05-27T09-44-00-Andrew Simon",0.771830398999896,-123.510286,48.944285
185795,"2023-05-27T09-29-00-Andy Taggart-Smith",0.277880917650179,-123.509877,48.944285
186485,"2023-05-27T09-43-00-Jackson W.F. Chu",0.135394736842105,-123.515194,48.944016
186486,"2023-05-27T09-43-00-Jackson W.F. Chu",1.03802631578947,-123.514785,48.944016
186487,"2023-05-27T09-43-00-Jackson W.F. Chu",0.0601754385964912,-123.514376,48.944016
186488,"2023-05-27T09-43-00-Jackson W.F. Chu",0.0451315789473684,-123.513967,48.944016
186489,"2023-05-27T09-43-00-Jackson W.F. Chu",0.0300877192982456,-123.513558,48.944016
186490,"2023-05-27T09-29-00-Andy Taggart-Smith",0.588235294117647,-123.513149,48.944016
186490,"2023-05-27T09-43-00-Jackson W.F. Chu",0.075219298245614,-123.513149,48.944016
186491,"2023-05-27T09-29-00-Andy Taggart-Smith",1.52941176470588,-123.51274,48.944016
186491,"2023-05-27T09-44-00-Andrew Simon",0.315032815918325,-123.51274,48.944016
186492,"2023-05-27T09-29-00-Andy Taggart-Smith",2.98966520621164,-123.512331,48.944016
186492,"2023-05-27T09-44-00-Andrew Simon",0.12601312636733,-123.512331,48.944016
186492,"2023-05-27T09-48-00-Spencer Shields",0.844767946577629,-123.512331,48.944016
186493,"2023-05-27T09-29-00-Andy Taggart-Smith",7.68979265221407,-123.511922,48.944016
186493,"2023-05-27T09-44-00-Andrew Simon",0.866340243775393,-123.511922,48.944016
186493,"2023-05-27T09-48-00-Spencer Shields",0.196106844741235,-123.511922,48.944016
186494,"2023-05-27T09-29-00-Andy Taggart-Smith",0.336704447061944,-123.511513,48.944016
186494,"2023-05-27T09-44-00-Andrew Simon",0.882091884571309,-123.511513,48.944016
186495,"2023-05-27T09-29-00-Andy Taggart-Smith",0.176833311231932,-123.511104,48.944016
186495,"2023-05-27T09-44-00-Andrew Simon",0.882091884571309,-123.511104,48.944016
186496,"2023-05-27T09-44-00-Andrew Simon",0.866340243775393,-123.510695,48.944016
186496,"2023-05-27T09-48-00-Spencer Shields",0.241362270450751,-123.510695,48.944016
186497,"2023-05-27T09-29-00-Andy Taggart-Smith",2.67041450076413,-123.510286,48.944016
186497,"2023-05-27T09-43-00-Jackson W.F. Chu",0.661929824561404,-123.510286,48.944016
186497,"2023-05-27T09-44-00-Andrew Simon",0.693072195020315,-123.510286,48.944016
186497,"2023-05-27T09-48-00-Spencer Shields",0.0905108514190317,-123.510286,48.944016
186498,"2023-05-27T09-29-00-Andy Taggart-Smith",0.454714228882111,-123.509877,48.944016
186498,"2023-05-27T09-43-00-Jackson W.F. Chu",0.346008771929825,-123.509877,48.944016
186498,"2023-05-27T09-44-00-Andrew Simon",0.189019689550995,-123.509877,48.944016
187188,"2023-05-27T09-43-00-Jackson W.F. Chu",0.180526315789474,-123.515194,48.943747
187189,"2023-05-27T09-43-00-Jackson W.F. Chu",0.165482456140351,-123.514785,48.943747
187193,"2023-05-27T09-29-00-Andy Taggart-Smith",2,-123.513149,48.943747
187194,"2023-05-27T09-29-00-Andy Taggart-Smith",0.0882352941176471,-123.51274,48.943747
187194,"2023-05-27T09-43-00-Jackson W.F. Chu",0.0451315789473684,-123.51274,48.943747
187194,"2023-05-27T09-44-00-Andrew Simon",0.645817272632566,-123.51274,48.943747
187195,"2023-05-27T09-29-00-Andy Taggart-Smith",0.858904654555099,-123.512331,48.943747
187195,"2023-05-27T09-43-00-Jackson W.F. Chu",0.0300877192982456,-123.512331,48.943747
187195,"2023-05-27T09-44-00-Andrew Simon",0.819085321387644,-123.512331,48.943747
187195,"2023-05-27T09-48-00-Spencer Shields",1.52359933222037,-123.512331,48.943747
187196,"2023-05-27T09-29-00-Andy Taggart-Smith",5.12407941170291,-123.511922,48.943747
187196,"2023-05-27T09-48-00-Spencer Shields",1.58393989983306,-123.511922,48.943747
187197,"2023-05-27T09-29-00-Andy Taggart-Smith",0.176833311231932,-123.511513,48.943747
187197,"2023-05-27T09-48-00-Spencer Shields",0.211191986644407,-123.511513,48.943747
187198,"2023-05-27T09-29-00-Andy Taggart-Smith",0.0546736663104441,-123.511104,48.943747
187199,"2023-05-27T09-29-00-Andy Taggart-Smith",0.176833311231932,-123.510695,48.943747
187200,"2023-05-27T09-29-00-Andy Taggart-Smith",1.31177217569487,-123.510286,48.943747
187201,"2023-05-27T09-29-00-Andy Taggart-Smith",1.16204747380984,-123.509877,48.943747
187201,"2023-05-27T09-43-00-Jackson W.F. Chu",0.782280701754386,-123.509877,48.943747
187201,"2023-05-27T09-44-00-Andrew Simon",1.85869361391812,-123.509877,48.943747
187202,"2023-05-27T09-29-00-Andy Taggart-Smith",0.985214162577908,-123.509468,48.943747
187896,"2023-05-27T09-29-00-Andy Taggart-Smith",2.11764705882353,-123.513149,48.943478
187898,"2023-05-27T09-29-00-Andy Taggart-Smith",0.0252619016045617,-123.512331,48.943478
187899,"2023-05-27T09-29-00-Andy Taggart-Smith",0.101047606418247,-123.511922,48.943478
187899,"2023-05-27T09-43-00-Jackson W.F. Chu",0.0300877192982456,-123.511922,48.943478
187900,"2023-05-27T09-29-00-Andy Taggart-Smith",0.101047606418247,-123.511513,48.943478
187900,"2023-05-27T09-43-00-Jackson W.F. Chu",0.0300877192982456,-123.511513,48.943478
187900,"2023-05-27T09-48-00-Spencer Shields",0.181021702838063,-123.511513,48.943478
187901,"2023-05-27T09-43-00-Jackson W.F. Chu",0.255745614035088,-123.511104,48.943478
187901,"2023-05-27T09-48-00-Spencer Shields",0.392213689482471,-123.511104,48.943478
187902,"2023-05-27T09-29-00-Andy Taggart-Smith",2.82352941176471,-123.510695,48.943478
187902,"2023-05-27T09-48-00-Spencer Shields",0.377128547579299,-123.510695,48.943478
187903,"2023-05-27T09-29-00-Andy Taggart-Smith",0.707333244927729,-123.510286,48.943478
187903,"2023-05-27T09-43-00-Jackson W.F. Chu",0.135394736842105,-123.510286,48.943478
187903,"2023-05-27T09-48-00-Spencer Shields",0.135766277128548,-123.510286,48.943478
187904,"2023-05-27T09-29-00-Andy Taggart-Smith",1.31361888343721,-123.509877,48.943478
187904,"2023-05-27T09-43-00-Jackson W.F. Chu",0.300877192982456,-123.509877,48.943478
187904,"2023-05-27T09-44-00-Andrew Simon",1.0711115741223,-123.509877,48.943478
187905,"2023-05-27T09-43-00-Jackson W.F. Chu",1.56456140350877,-123.509468,48.943478
187906,"2023-05-27T09-43-00-Jackson W.F. Chu",0.631842105263158,-123.509059,48.943478
188598,"2023-05-27T09-29-00-Andy Taggart-Smith",0.5,-123.513558,48.943209
188599,"2023-05-27T09-29-00-Andy Taggart-Smith",1.58823529411765,-123.513149,48.943209
188604,"2023-05-27T09-43-00-Jackson W.F. Chu",0.165482456140351,-123.511104,48.943209
188605,"2023-05-27T09-43-00-Jackson W.F. Chu",1.30881578947368,-123.510695,48.943209
188605,"2023-05-27T09-48-00-Spencer Shields",0.015085141903172,-123.510695,48.943209
188606,"2023-05-27T09-43-00-Jackson W.F. Chu",1.24864035087719,-123.510286,48.943209
188606,"2023-05-27T09-48-00-Spencer Shields",0.165936560934891,-123.510286,48.943209
188607,"2023-05-27T09-43-00-Jackson W.F. Chu",0.616798245614035,-123.509877,48.943209
188607,"2023-05-27T09-44-00-Andrew Simon",0.0315032815918325,-123.509877,48.943209
188608,"2023-05-27T09-43-00-Jackson W.F. Chu",0.315921052631579,-123.509468,48.943209
188609,"2023-05-27T09-43-00-Jackson W.F. Chu",0.767236842105263,-123.509059,48.943209
188610,"2023-05-27T09-43-00-Jackson W.F. Chu",0.511491228070176,-123.50865,48.943209
188611,"2023-05-27T09-43-00-Jackson W.F. Chu",0.240701754385965,-123.508241,48.943209
189301,"2023-05-27T09-29-00-Andy Taggart-Smith",0.323529411764706,-123.513558,48.94294
189308,"2023-05-27T09-43-00-Jackson W.F. Chu",0.285833333333333,-123.510695,48.94294
189309,"2023-05-27T09-43-00-Jackson W.F. Chu",1.11324561403509,-123.510286,48.94294
189313,"2023-05-27T09-43-00-Jackson W.F. Chu",0.0451315789473684,-123.50865,48.94294
189314,"2023-05-27T09-43-00-Jackson W.F. Chu",0.165482456140351,-123.508241,48.94294
189315,"2023-05-27T09-43-00-Jackson W.F. Chu",0.37609649122807,-123.507832,48.94294
190011,"2023-05-27T09-43-00-Jackson W.F. Chu",0.391140350877193,-123.510695,48.942671
190012,"2023-05-27T09-43-00-Jackson W.F. Chu",0.616798245614035,-123.510286,48.942671
224605,"2021-06-04T16-55-00-Caitlin Robinson",1.91196172248804,-123.450572,48.92949
225307,"2021-06-15T14-15-00-Caitlin Robinson",1.86564299424184,-123.450981,48.929221
225308,"2021-06-04T16-55-00-Caitlin Robinson",0.303485987696514,-123.450572,48.929221
225309,"2021-06-04T16-55-00-Caitlin Robinson",2.20027341079973,-123.450163,48.929221
226009,"2021-06-15T14-15-00-Caitlin Robinson",0.259117082533589,-123.45139,48.928952
226010,"2021-06-15T14-15-00-Caitlin Robinson",0.742802303262956,-123.450981,48.928952
226711,"2021-06-15T14-15-00-Caitlin Robinson",0.0345489443378119,-123.451799,48.928683
226712,"2021-06-15T14-15-00-Caitlin Robinson",0.0518234165067179,-123.45139,48.928683
278130,"2023-05-27T14-00-00-Frank Lomer",0.596421471172962,-123.410899,48.909046
278131,"2023-05-27T14-00-00-Frank Lomer",1.01391650099404,-123.41049,48.909046
278132,"2023-05-27T14-00-00-Frank Lomer",0.95427435387674,-123.410081,48.909046
278133,"2023-05-27T14-00-00-Frank Lomer",0.95427435387674,-123.409672,48.909046
278134,"2023-05-27T14-00-00-Frank Lomer",3.16668607043479,-123.409263,48.909046
278135,"2023-05-27T14-00-00-Frank Lomer",2.59004755552514,-123.408854,48.909046
278136,"2023-05-27T14-00-00-Frank Lomer",0.0596421471172962,-123.408445,48.909046
278837,"2023-05-27T14-00-00-Frank Lomer",0.417495029821074,-123.409263,48.908777
278838,"2023-05-27T14-00-00-Frank Lomer",4.44178025277037,-123.408854,48.908777
278839,"2023-05-27T14-00-00-Frank Lomer",24.6217670606621,-123.408445,48.908777
278840,"2023-05-27T14-00-00-Frank Lomer",0.536779324055666,-123.408036,48.908777
279541,"2023-05-27T14-00-00-Frank Lomer",0.715705765407555,-123.408854,48.908508
279542,"2023-05-27T14-00-00-Frank Lomer",14.3786982248521,-123.408445,48.908508
333087,"2021-06-14T14-56-00-Andrew Simon",0.116491228070175,-123.360592,48.888064
333788,"2021-06-14T14-56-00-Andrew Simon",0.640701754385965,-123.36141,48.887795
333789,"2021-06-14T14-56-00-Andrew Simon",0.407719298245614,-123.361001,48.887795
333790,"2021-06-14T14-56-00-Andrew Simon",0.116491228070175,-123.360592,48.887795
333791,"2021-06-14T14-56-00-Andrew Simon",0.291228070175439,-123.360183,48.887795
333792,"2021-06-14T14-56-00-Andrew Simon",0.116491228070175,-123.359774,48.887795
333793,"2021-06-14T14-56-00-Andrew Simon",0.0582456140350877,-123.359365,48.887795
334490,"2021-06-14T14-56-00-Andrew Simon",0.582456140350877,-123.361819,48.887526
334491,"2021-06-14T14-56-00-Andrew Simon",0.407719298245614,-123.36141,48.887526
334494,"2021-06-14T14-56-00-Andrew Simon",0.174736842105263,-123.360183,48.887526
334495,"2021-06-14T14-56-00-Andrew Simon",0.407719298245614,-123.359774,48.887526
334496,"2021-06-14T14-56-00-Andrew Simon",0.232982456140351,-123.359365,48.887526
335193,"2021-06-14T14-56-00-Andrew Simon",0.0582456140350877,-123.361819,48.887257
335194,"2021-06-14T14-56-00-Andrew Simon",0.465964912280702,-123.36141,48.887257
335195,"2021-06-14T14-56-00-Andrew Simon",0.174736842105263,-123.361001,48.887257
335196,"2021-06-14T14-56-00-Andrew Simon",0.0582456140350877,-123.360592,48.887257
335197,"2021-06-14T14-56-00-Andrew Simon",0.174736842105263,-123.360183,48.887257
335199,"2021-06-14T14-56-00-Andrew Simon",0.0582456140350877,-123.359365,48.887257
335200,"2021-06-14T14-56-00-Andrew Simon",0.232982456140351,-123.358956,48.887257
335899,"2021-06-14T14-56-00-Andrew Simon",0.75719298245614,-123.360592,48.886988
335903,"2021-06-14T14-56-00-Andrew Simon",0.0582456140350877,-123.358956,48.886988
335904,"2021-06-14T14-56-00-Andrew Simon",0.116491228070175,-123.358547,48.886988
336607,"2021-06-14T14-56-00-Andrew Simon",0.349473684210526,-123.358547,48.886719
337310,"2021-06-14T14-56-00-Andrew Simon",0.116491228070175,-123.358547,48.88645
337313,"2021-06-14T14-56-00-Andrew Simon",0.0582456140350877,-123.35732,48.88645
337314,"2021-06-14T14-56-00-Andrew Simon",0.174736842105263,-123.356911,48.88645
338013,"2021-06-14T14-56-00-Andrew Simon",0.407719298245614,-123.358547,48.886181
338017,"2021-06-14T14-56-00-Andrew Simon",0.465964912280702,-123.356911,48.886181
338018,"2021-06-14T14-56-00-Andrew Simon",0.174736842105263,-123.356502,48.886181
338716,"2021-06-14T14-56-00-Andrew Simon",0.524210526315789,-123.358547,48.885912
338717,"2021-06-14T14-56-00-Andrew Simon",0.349473684210526,-123.358138,48.885912
338718,"2021-06-14T14-56-00-Andrew Simon",0.0582456140350877,-123.357729,48.885912
338719,"2021-06-14T14-56-00-Andrew Simon",0.232982456140351,-123.35732,48.885912
338720,"2021-06-14T14-56-00-Andrew Simon",0.232982456140351,-123.356911,48.885912
338721,"2021-06-14T14-56-00-Andrew Simon",0.0582456140350877,-123.356502,48.885912
338722,"2021-06-14T14-56-00-Andrew Simon",0.0582456140350877,-123.356093,48.885912
338723,"2021-06-14T14-56-00-Andrew Simon",0.0582456140350877,-123.355684,48.885912
338727,"2021-06-14T14-56-00-Andrew Simon",0.174736842105263,-123.354048,48.885912
339418,"2021-06-14T14-56-00-Andrew Simon",0.116491228070175,-123.358956,48.885643
339419,"2021-06-14T14-56-00-Andrew Simon",0.116491228070175,-123.358547,48.885643
339420,"2021-06-14T14-56-00-Andrew Simon",0.232982456140351,-123.358138,48.885643
339421,"2021-06-14T14-56-00-Andrew Simon",0.407719298245614,-123.357729,48.885643
339422,"2021-06-14T14-56-00-Andrew Simon",0.582456140350877,-123.35732,48.885643
339423,"2021-06-14T14-56-00-Andrew Simon",0.116491228070175,-123.356911,48.885643
339426,"2021-06-14T14-56-00-Andrew Simon",0.116491228070175,-123.355684,48.885643
339428,"2021-06-14T14-56-00-Andrew Simon",0.291228070175439,-123.354866,48.885643
339429,"2021-06-14T14-56-00-Andrew Simon",0.232982456140351,-123.354457,48.885643
339430,"2021-06-14T14-56-00-Andrew Simon",0.465964912280702,-123.354048,48.885643
340121,"2021-06-14T14-56-00-Andrew Simon",0.232982456140351,-123.358956,48.885374
340122,"2021-06-14T14-56-00-Andrew Simon",0.116491228070175,-123.358547,48.885374
340123,"2021-06-14T14-56-00-Andrew Simon",0.0582456140350877,-123.358138,48.885374
340124,"2021-06-14T14-56-00-Andrew Simon",0.0582456140350877,-123.357729,48.885374
340125,"2021-06-14T14-56-00-Andrew Simon",0.0582456140350877,-123.35732,48.885374
340126,"2021-06-14T14-56-00-Andrew Simon",0.640701754385965,-123.356911,48.885374
340127,"2021-06-14T14-56-00-Andrew Simon",0.291228070175439,-123.356502,48.885374
340128,"2021-06-14T14-56-00-Andrew Simon",0.465964912280702,-123.356093,48.885374
340129,"2021-06-14T14-56-00-Andrew Simon",0.407719298245614,-123.355684,48.885374
340130,"2021-06-14T14-56-00-Andrew Simon",1.04842105263158,-123.355275,48.885374
340131,"2021-06-14T14-56-00-Andrew Simon",0.698947368421053,-123.354866,48.885374
340132,"2021-06-14T14-56-00-Andrew Simon",0.465964912280702,-123.354457,48.885374
340824,"2021-06-14T14-56-00-Andrew Simon",0.174736842105263,-123.358956,48.885105
340825,"2021-06-14T14-56-00-Andrew Simon",0.116491228070175,-123.358547,48.885105
340827,"2021-06-14T14-56-00-Andrew Simon",0.291228070175439,-123.357729,48.885105
340828,"2021-06-14T14-56-00-Andrew Simon",0.116491228070175,-123.35732,48.885105
340830,"2021-06-14T14-56-00-Andrew Simon",0.232982456140351,-123.356502,48.885105
340831,"2021-06-14T14-56-00-Andrew Simon",0.407719298245614,-123.356093,48.885105
340832,"2021-06-14T14-56-00-Andrew Simon",0.524210526315789,-123.355684,48.885105
340833,"2021-06-14T14-56-00-Andrew Simon",0.291228070175439,-123.355275,48.885105
340834,"2021-06-14T14-56-00-Andrew Simon",0.116491228070175,-123.354866,48.885105
341527,"2021-06-14T14-56-00-Andrew Simon",0.232982456140351,-123.358956,48.884836
341529,"2021-06-14T14-56-00-Andrew Simon",0.116491228070175,-123.358138,48.884836
341533,"2021-06-14T14-56-00-Andrew Simon",0.232982456140351,-123.356502,48.884836
341534,"2021-06-14T14-56-00-Andrew Simon",0.524210526315789,-123.356093,48.884836
342230,"2021-06-14T14-56-00-Andrew Simon",0.116491228070175,-123.358956,48.884567
352722,"2022-05-25T14-29-00-Andrew Simon",0.184044943820225,-123.380633,48.880532
352723,"2022-05-25T14-29-00-Andrew Simon",0.141573033707865,-123.380224,48.880532
352724,"2022-05-25T14-29-00-Andrew Simon",0.0991011235955056,-123.379815,48.880532
353424,"2022-05-25T14-29-00-Andrew Simon",0.254831460674157,-123.381042,48.880263
353425,"2022-05-25T14-29-00-Andrew Simon",0.127415730337079,-123.380633,48.880263
353426,"2022-05-25T14-29-00-Andrew Simon",0.0141573033707865,-123.380224,48.880263
354127,"2022-05-25T14-29-00-Andrew Simon",0.198202247191011,-123.381042,48.879994
354128,"2022-05-25T14-29-00-Andrew Simon",0.141573033707865,-123.380633,48.879994
354129,"2022-05-25T14-29-00-Andrew Simon",0.0424719101123596,-123.380224,48.879994
354830,"2022-05-25T14-29-00-Andrew Simon",0.0566292134831461,-123.381042,48.879725
356991,"2023-09-11T12-36-00-Caitlin Robinson",0.0661224489795918,-123.359774,48.878918
357694,"2023-09-11T12-36-00-Caitlin Robinson",0.016530612244898,-123.359774,48.878649
357695,"2023-09-11T12-36-00-Caitlin Robinson",0.0826530612244898,-123.359365,48.878649
357696,"2023-09-11T12-36-00-Caitlin Robinson",0.0495918367346939,-123.358956,48.878649
358399,"2023-09-11T12-36-00-Caitlin Robinson",0.016530612244898,-123.358956,48.87838
358400,"2023-09-11T12-36-00-Caitlin Robinson",0.0661224489795918,-123.358547,48.87838
358401,"2023-09-11T12-36-00-Caitlin Robinson",0.0661224489795918,-123.358138,48.87838
358402,"2023-09-11T12-36-00-Caitlin Robinson",0.0495918367346939,-123.357729,48.87838
358403,"2023-09-11T12-36-00-Caitlin Robinson",0.0661224489795918,-123.35732,48.87838
358404,"2023-09-11T12-36-00-Caitlin Robinson",0.0330612244897959,-123.356911,48.87838
359080,"2022-08-04T19-15-00-Caitlin Robinson",0.100889679715302,-123.367954,48.878111
359082,"2022-08-04T19-15-00-Caitlin Robinson",0.0315,-123.367136,48.878111
359783,"2022-08-04T19-15-00-Caitlin Robinson",0.168149466192171,-123.367954,48.877842
359784,"2022-08-04T19-15-00-Caitlin Robinson",0.0672597864768683,-123.367545,48.877842
359785,"2022-08-04T19-15-00-Caitlin Robinson",0.126,-123.367136,48.877842
360487,"2022-08-04T19-15-00-Caitlin Robinson",0.874377224199288,-123.367545,48.877573
360488,"2022-08-04T19-15-00-Caitlin Robinson",0.126,-123.367136,48.877573
360489,"2022-08-04T19-15-00-Caitlin Robinson",0.0315,-123.366727,48.877573
360490,"2022-08-04T19-15-00-Caitlin Robinson",0.33075,-123.366318,48.877573
361189,"2022-08-04T19-15-00-Caitlin Robinson",0.0672597864768683,-123.367954,48.877304
361190,"2022-08-04T19-15-00-Caitlin Robinson",0.201779359430605,-123.367545,48.877304
361191,"2022-08-04T19-15-00-Caitlin Robinson",0.33075,-123.367136,48.877304
361192,"2022-08-04T19-15-00-Caitlin Robinson",0.441,-123.366727,48.877304
361193,"2022-08-04T19-15-00-Caitlin Robinson",0.14175,-123.366318,48.877304
361194,"2022-08-04T19-15-00-Caitlin Robinson",0.063,-123.365909,48.877304
361892,"2022-08-04T19-15-00-Caitlin Robinson",0.605338078291815,-123.367954,48.877035
361893,"2022-08-04T19-15-00-Caitlin Robinson",0.654717971530249,-123.367545,48.877035
361894,"2022-08-04T19-15-00-Caitlin Robinson",0.42525,-123.367136,48.877035
361895,"2022-08-04T19-15-00-Caitlin Robinson",0.17325,-123.366727,48.877035
361897,"2022-08-04T19-15-00-Caitlin Robinson",0.20475,-123.365909,48.877035
362595,"2022-08-04T19-15-00-Caitlin Robinson",0.470818505338078,-123.367954,48.876766
362596,"2022-08-04T19-15-00-Caitlin Robinson",0.280529359430605,-123.367545,48.876766
362597,"2022-08-04T19-15-00-Caitlin Robinson",0.1575,-123.367136,48.876766
362598,"2022-08-04T19-15-00-Caitlin Robinson",0.11025,-123.366727,48.876766
362600,"2022-08-04T19-15-00-Caitlin Robinson",0.0945,-123.365909,48.876766
363299,"2022-08-04T19-15-00-Caitlin Robinson",0.481019572953737,-123.367545,48.876497
363300,"2022-08-04T19-15-00-Caitlin Robinson",0.01575,-123.367136,48.876497
363301,"2022-08-04T19-15-00-Caitlin Robinson",0.1575,-123.366727,48.876497
363302,"2022-08-04T19-15-00-Caitlin Robinson",0.1575,-123.366318,48.876497
363303,"2022-08-04T19-15-00-Caitlin Robinson",0.07875,-123.365909,48.876497
364002,"2022-08-04T19-15-00-Caitlin Robinson",0.199649466192171,-123.367545,48.876228
364003,"2022-08-04T19-15-00-Caitlin Robinson",0.126,-123.367136,48.876228
377417,"2020-04-24T13-17-00-Andrew Simon",0.0301704545454545,-123.343823,48.871117
378118,"2020-04-24T13-17-00-Andrew Simon",0.0301704545454545,-123.344641,48.870848
378119,"2020-04-24T13-17-00-Andrew Simon",0.0603409090909091,-123.344232,48.870848
378120,"2020-04-24T13-17-00-Andrew Simon",0.0301704545454545,-123.343823,48.870848
378121,"2020-04-24T13-17-00-Andrew Simon",0.0301704545454545,-123.343414,48.870848
378820,"2020-04-24T13-17-00-Andrew Simon",0.0603409090909091,-123.34505,48.870579
378821,"2020-04-24T13-17-00-Andrew Simon",0.0452556818181818,-123.344641,48.870579
378824,"2020-04-24T13-17-00-Andrew Simon",0.0452556818181818,-123.343414,48.870579
379521,"2020-04-24T13-17-00-Andrew Simon",0.0301704545454545,-123.345868,48.87031
379522,"2020-04-24T13-17-00-Andrew Simon",0.0603409090909091,-123.345459,48.87031
379528,"2020-04-24T13-17-00-Andrew Simon",0.0452556818181818,-123.343005,48.87031
380223,"2020-04-24T13-17-00-Andrew Simon",0.0603409090909091,-123.346277,48.870041
380224,"2020-04-24T13-17-00-Andrew Simon",0.0301704545454545,-123.345868,48.870041
380231,"2020-04-24T13-17-00-Andrew Simon",0.0301704545454545,-123.343005,48.870041
380232,"2020-04-24T13-17-00-Andrew Simon",0.0150852272727273,-123.342596,48.870041
380925,"2020-04-24T13-17-00-Andrew Simon",0.0301704545454545,-123.346686,48.869772
380935,"2020-04-24T13-17-00-Andrew Simon",0.0452556818181818,-123.342596,48.869772
381638,"2020-04-24T13-17-00-Andrew Simon",0.105596590909091,-123.342596,48.869503
381639,"2020-04-24T13-17-00-Andrew Simon",0.0301704545454545,-123.342187,48.869503
381641,"2023-05-28T09-30-00-Andy Taggart-Smith",0.0881847352738941,-123.341369,48.869503
382340,"2020-04-24T13-17-00-Andrew Simon",0.0150852272727273,-123.343005,48.869234
382341,"2020-04-24T13-17-00-Andrew Simon",0.211193181818182,-123.342596,48.869234
382341,"2023-05-28T09-30-00-Andy Taggart-Smith",0.18064440401432,-123.342596,48.869234
382342,"2020-04-24T13-17-00-Andrew Simon",0.0301704545454545,-123.342187,48.869234
382342,"2023-05-28T09-30-00-Andy Taggart-Smith",0.195698104348847,-123.342187,48.869234
382343,"2020-04-24T13-17-00-Andrew Simon",0.0150852272727273,-123.341778,48.869234
382343,"2023-05-28T09-30-00-Andy Taggart-Smith",0.0881847352738941,-123.341778,48.869234
382344,"2023-05-28T09-30-00-Andy Taggart-Smith",0.440923676369471,-123.341369,48.869234
383042,"2021-06-18T20-08-00-Caitlin Robinson",0.179657794676806,-123.343414,48.868965
383043,"2020-04-24T13-17-00-Andrew Simon",0.0150852272727273,-123.343005,48.868965
383044,"2020-04-24T13-17-00-Andrew Simon",0.0452556818181818,-123.342596,48.868965
383045,"2023-05-28T09-30-00-Andy Taggart-Smith",0.150537003345267,-123.342187,48.868965
383046,"2020-04-24T13-17-00-Andrew Simon",0.0603409090909091,-123.341778,48.868965
383046,"2023-05-28T09-30-00-Andy Taggart-Smith",0.430857398412564,-123.341778,48.868965
383047,"2023-05-28T09-30-00-Andy Taggart-Smith",0.0595023124270181,-123.341369,48.868965
383048,"2023-05-28T09-30-00-Andy Taggart-Smith",0.235159294063718,-123.34096,48.868965
383744,"2021-06-18T20-08-00-Caitlin Robinson",0.359315589353612,-123.343823,48.868696
383745,"2021-06-18T20-08-00-Caitlin Robinson",0.0513307984790874,-123.343414,48.868696
383747,"2020-04-24T13-17-00-Andrew Simon",0.0603409090909091,-123.342596,48.868696
383748,"2023-05-28T09-30-00-Andy Taggart-Smith",0.150537003345267,-123.342187,48.868696
383749,"2020-04-24T13-17-00-Andrew Simon",0.0150852272727273,-123.341778,48.868696
383749,"2023-05-28T09-30-00-Andy Taggart-Smith",0.264554205821682,-123.341778,48.868696
383750,"2020-04-24T13-17-00-Andrew Simon",0.0452556818181818,-123.341369,48.868696
383750,"2023-05-28T09-30-00-Andy Taggart-Smith",0.210751804683373,-123.341369,48.868696
383751,"2023-05-28T09-30-00-Andy Taggart-Smith",0.192135659793404,-123.34096,48.868696
383752,"2023-05-28T09-30-00-Andy Taggart-Smith",0.0881847352738941,-123.340551,48.868696
384446,"2021-06-18T20-08-00-Caitlin Robinson",0.0513307984790874,-123.344232,48.868427
384447,"2021-06-18T20-08-00-Caitlin Robinson",0.282319391634981,-123.343823,48.868427
384449,"2020-04-24T13-17-00-Andrew Simon",0.0452556818181818,-123.343005,48.868427
384451,"2023-05-28T09-30-00-Andy Taggart-Smith",0.13548330301074,-123.342187,48.868427
384452,"2023-05-28T09-30-00-Andy Taggart-Smith",0.264554205821682,-123.341778,48.868427
384453,"2020-04-24T13-17-00-Andrew Simon",0.181022727272727,-123.341369,48.868427
384454,"2020-04-24T13-17-00-Andrew Simon",0.4978125,-123.34096,48.868427
384454,"2023-05-28T09-30-00-Andy Taggart-Smith",0.210751804683373,-123.34096,48.868427
384455,"2020-04-24T13-17-00-Andrew Simon",0.0452556818181818,-123.340551,48.868427
384455,"2023-05-28T09-30-00-Andy Taggart-Smith",0.309715306825262,-123.340551,48.868427
385152,"2020-04-24T13-17-00-Andrew Simon",0.0301704545454545,-123.343005,48.868158
385152,"2023-05-28T09-30-00-Andy Taggart-Smith",0.49677211103938,-123.343005,48.868158
385153,"2020-04-24T13-17-00-Andrew Simon",0.0603409090909091,-123.342596,48.868158
385153,"2023-05-28T09-30-00-Andy Taggart-Smith",0.255912905686953,-123.342596,48.868158
385154,"2023-05-28T09-30-00-Andy Taggart-Smith",0.0602148013381067,-123.342187,48.868158
385155,"2023-05-28T09-30-00-Andy Taggart-Smith",0.325481496070878,-123.341778,48.868158
385157,"2020-04-24T13-17-00-Andrew Simon",0.120681818181818,-123.34096,48.868158
385158,"2020-04-24T13-17-00-Andrew Simon",0.0905113636363636,-123.340551,48.868158
385158,"2023-05-28T09-30-00-Andy Taggart-Smith",0.240146716441338,-123.340551,48.868158
385159,"2020-04-24T13-17-00-Andrew Simon",0.0603409090909091,-123.340142,48.868158
385159,"2023-05-28T09-30-00-Andy Taggart-Smith",0.280320395067298,-123.340142,48.868158
385160,"2020-04-24T13-17-00-Andrew Simon",0.0603409090909091,-123.339733,48.868158
385161,"2020-04-24T13-17-00-Andrew Simon",0.0150852272727273,-123.339324,48.868158
385855,"2023-05-28T09-30-00-Andy Taggart-Smith",0.331181407359587,-123.343005,48.867889
385856,"2020-04-24T13-17-00-Andrew Simon",0.0150852272727273,-123.342596,48.867889
385856,"2023-05-28T09-30-00-Andy Taggart-Smith",0.376342508363167,-123.342596,48.867889
385857,"2020-04-24T13-17-00-Andrew Simon",0.0603409090909091,-123.342187,48.867889
385857,"2023-05-28T09-30-00-Andy Taggart-Smith",0.165590703679793,-123.342187,48.867889
385858,"2023-05-28T09-30-00-Andy Taggart-Smith",0.400037508832422,-123.341778,48.867889
385862,"2020-04-24T13-17-00-Andrew Simon",0.0603409090909091,-123.340142,48.867889
385862,"2023-05-28T09-30-00-Andy Taggart-Smith",0.47815596614941,-123.340142,48.867889
385863,"2020-04-24T13-17-00-Andrew Simon",0.0754261363636363,-123.339733,48.867889
385863,"2023-05-28T09-30-00-Andy Taggart-Smith",0.207901849039019,-123.339733,48.867889
385864,"2020-04-24T13-17-00-Andrew Simon",0.105596590909091,-123.339324,48.867889
385865,"2020-04-24T13-17-00-Andrew Simon",0.135767045454545,-123.338915,48.867889
385866,"2020-04-24T13-17-00-Andrew Simon",0.0603409090909091,-123.338506,48.867889
385867,"2020-04-24T13-17-00-Andrew Simon",0.0150852272727273,-123.338097,48.867889
386557,"2023-05-28T09-30-00-Andy Taggart-Smith",0.105375902341687,-123.343414,48.86762
386558,"2023-05-28T09-30-00-Andy Taggart-Smith",0.2258055050179,-123.343005,48.86762
386560,"2020-04-24T13-17-00-Andrew Simon",0.0301704545454545,-123.342187,48.86762
386560,"2023-05-28T09-30-00-Andy Taggart-Smith",0.481718410704854,-123.342187,48.86762
386561,"2020-04-24T13-17-00-Andrew Simon",0.0603409090909091,-123.341778,48.86762
386561,"2023-05-28T09-30-00-Andy Taggart-Smith",0.490359710839582,-123.341778,48.86762
386563,"2023-05-28T09-30-00-Andy Taggart-Smith",0.18064440401432,-123.34096,48.86762
386564,"2023-05-28T09-30-00-Andy Taggart-Smith",0.2258055050179,-123.340551,48.86762
386565,"2023-05-28T09-30-00-Andy Taggart-Smith",0.105375902341687,-123.340142,48.86762
386566,"2023-05-28T09-30-00-Andy Taggart-Smith",0.150537003345267,-123.339733,48.86762
386567,"2023-05-28T09-30-00-Andy Taggart-Smith",0.134770814099651,-123.339324,48.86762
386568,"2023-05-28T09-30-00-Andy Taggart-Smith",0.119717113765125,-123.338915,48.86762
386569,"2020-04-24T13-17-00-Andrew Simon",0.0603409090909091,-123.338506,48.86762
386569,"2023-05-28T09-30-00-Andy Taggart-Smith",0.0896097130960714,-123.338506,48.86762
386570,"2020-04-24T13-17-00-Andrew Simon",0.120681818181818,-123.338097,48.86762
386570,"2023-05-28T09-30-00-Andy Taggart-Smith",0.0293949117579647,-123.338097,48.86762
386571,"2020-04-24T13-17-00-Andrew Simon",0.120681818181818,-123.337688,48.86762
386571,"2023-05-28T09-30-00-Andy Taggart-Smith",0.0293949117579647,-123.337688,48.86762
386572,"2020-04-24T13-17-00-Andrew Simon",0.120681818181818,-123.337279,48.86762
387260,"2023-05-28T09-30-00-Andy Taggart-Smith",0.97786946603481,-123.343414,48.867351
387261,"2023-05-28T09-30-00-Andy Taggart-Smith",0.940637176254871,-123.343005,48.867351
387262,"2023-05-28T09-30-00-Andy Taggart-Smith",0.970032088012835,-123.342596,48.867351
387263,"2023-05-28T09-30-00-Andy Taggart-Smith",0.955690876589397,-123.342187,48.867351
387264,"2020-04-24T13-17-00-Andrew Simon",0.0301704545454545,-123.341778,48.867351
387264,"2023-05-28T09-30-00-Andy Taggart-Smith",2.32851899587734,-123.341778,48.867351
387265,"2020-04-24T13-17-00-Andrew Simon",0.0603409090909091,-123.341369,48.867351
387265,"2023-05-28T09-30-00-Andy Taggart-Smith",1.6812098814927,-123.341369,48.867351
387266,"2023-05-28T09-30-00-Andy Taggart-Smith",0.868218630226592,-123.34096,48.867351
387272,"2023-05-28T09-30-00-Andy Taggart-Smith",0.0150537003345267,-123.338506,48.867351
387273,"2023-05-28T09-30-00-Andy Taggart-Smith",0.0752685016726334,-123.338097,48.867351
387274,"2023-05-28T09-30-00-Andy Taggart-Smith",0.0752685016726334,-123.337688,48.867351
387275,"2021-06-14T18-00-00-Andrew Simon",0.0410526315789474,-123.337279,48.867351
387275,"2023-05-28T09-30-00-Andy Taggart-Smith",0.0293949117579647,-123.337279,48.867351
387276,"2021-06-14T18-00-00-Andrew Simon",0.205263157894737,-123.33687,48.867351
387277,"2021-06-14T18-00-00-Andrew Simon",0.0410526315789474,-123.336461,48.867351
387277,"2023-05-28T09-30-00-Andy Taggart-Smith",0.0293949117579647,-123.336461,48.867351
387278,"2021-06-14T18-00-00-Andrew Simon",0.164210526315789,-123.336052,48.867351
387278,"2023-05-28T09-30-00-Andy Taggart-Smith",0.0293949117579647,-123.336052,48.867351
387279,"2021-06-14T18-00-00-Andrew Simon",0.205263157894737,-123.335643,48.867351
387279,"2023-05-28T09-30-00-Andy Taggart-Smith",0.0293949117579647,-123.335643,48.867351
387280,"2023-05-28T09-30-00-Andy Taggart-Smith",0.0293949117579647,-123.335234,48.867351
387963,"2023-05-28T09-30-00-Andy Taggart-Smith",0.331181407359587,-123.343414,48.867082
387964,"2023-05-28T09-30-00-Andy Taggart-Smith",0.0752685016726334,-123.343005,48.867082
387965,"2023-05-28T09-30-00-Andy Taggart-Smith",0.2258055050179,-123.342596,48.867082
387966,"2023-05-28T09-30-00-Andy Taggart-Smith",0.210751804683373,-123.342187,48.867082
387967,"2023-05-28T09-30-00-Andy Taggart-Smith",0.0301074006690534,-123.341778,48.867082
387968,"2020-04-24T13-17-00-Andrew Simon",0.105596590909091,-123.341369,48.867082
387968,"2023-05-28T09-30-00-Andy Taggart-Smith",0.486797266284139,-123.341369,48.867082
387969,"2020-04-24T13-17-00-Andrew Simon",0.0452556818181818,-123.34096,48.867082
387978,"2021-06-14T18-00-00-Andrew Simon",0.0410526315789474,-123.337279,48.867082
387978,"2023-05-28T09-30-00-Andy Taggart-Smith",0.0752685016726334,-123.337279,48.867082
387979,"2023-05-28T09-30-00-Andy Taggart-Smith",0.326193984981966,-123.33687,48.867082
387980,"2021-06-14T18-00-00-Andrew Simon",0.78,-123.336461,48.867082
387980,"2023-05-28T09-30-00-Andy Taggart-Smith",0.4997134998854,-123.336461,48.867082
387981,"2021-06-14T18-00-00-Andrew Simon",0.451578947368421,-123.336052,48.867082
387981,"2023-05-28T09-30-00-Andy Taggart-Smith",0.0587898235159294,-123.336052,48.867082
387982,"2021-06-14T18-00-00-Andrew Simon",0.410526315789474,-123.335643,48.867082
387983,"2021-06-14T18-00-00-Andrew Simon",0.164210526315789,-123.335234,48.867082
387984,"2023-05-28T09-30-00-Andy Taggart-Smith",0.0293949117579647,-123.334825,48.867082
387985,"2023-05-28T09-30-00-Andy Taggart-Smith",0.0293949117579647,-123.334416,48.867082
387986,"2023-05-28T09-30-00-Andy Taggart-Smith",0.0293949117579647,-123.334007,48.867082
387987,"2023-05-28T09-30-00-Andy Taggart-Smith",0.0293949117579647,-123.333598,48.867082
387988,"2023-05-28T09-30-00-Andy Taggart-Smith",0.0293949117579647,-123.333189,48.867082
387990,"2023-05-28T09-30-00-Andy Taggart-Smith",0.165590703679793,-123.332371,48.867082
388665,"2020-04-24T13-17-00-Andrew Simon",0.0150852272727273,-123.343823,48.866813
388666,"2020-04-24T13-17-00-Andrew Simon",0.392215909090909,-123.343414,48.866813
388666,"2023-05-28T09-30-00-Andy Taggart-Smith",0.376342508363167,-123.343414,48.866813
388667,"2020-04-24T13-17-00-Andrew Simon",0.467642045454545,-123.343005,48.866813
388667,"2023-05-28T09-30-00-Andy Taggart-Smith",0.858060919068021,-123.343005,48.866813
388668,"2020-04-24T13-17-00-Andrew Simon",0.678835227272727,-123.342596,48.866813
388668,"2023-05-28T09-30-00-Andy Taggart-Smith",1.05375902341687,-123.342596,48.866813
388669,"2020-04-24T13-17-00-Andrew Simon",0.0905113636363636,-123.342187,48.866813
388669,"2023-05-28T09-30-00-Andy Taggart-Smith",0.797846117729914,-123.342187,48.866813
388670,"2020-04-24T13-17-00-Andrew Simon",0.467642045454545,-123.341778,48.866813
388670,"2023-05-28T09-30-00-Andy Taggart-Smith",1.74622923880509,-123.341778,48.866813
388671,"2020-04-24T13-17-00-Andrew Simon",0.0150852272727273,-123.341369,48.866813
388672,"2020-04-24T13-17-00-Andrew Simon",0.181022727272727,-123.34096,48.866813
388673,"2020-04-24T13-17-00-Andrew Simon",0.573238636363636,-123.340551,48.866813
388674,"2020-04-24T13-17-00-Andrew Simon",0.678835227272727,-123.340142,48.866813
388682,"2023-05-28T09-30-00-Andy Taggart-Smith",0.481718410704854,-123.33687,48.866813
388683,"2021-06-14T18-00-00-Andrew Simon",0.0821052631578947,-123.336461,48.866813
388683,"2023-05-28T09-30-00-Andy Taggart-Smith",0.417941164811304,-123.336461,48.866813
388684,"2023-05-28T09-30-00-Andy Taggart-Smith",0.281032883978386,-123.336052,48.866813
388685,"2021-06-14T18-00-00-Andrew Simon",0.123157894736842,-123.335643,48.866813
388685,"2023-05-28T09-30-00-Andy Taggart-Smith",0.398612531010245,-123.335643,48.866813
388686,"2021-06-14T18-00-00-Andrew Simon",0.410526315789474,-123.335234,48.866813
388686,"2023-05-28T09-30-00-Andy Taggart-Smith",0.310427795736351,-123.335234,48.866813
388687,"2023-05-28T09-30-00-Andy Taggart-Smith",0.177081959458877,-123.334825,48.866813
388688,"2023-05-28T09-30-00-Andy Taggart-Smith",0.146974558789824,-123.334416,48.866813
388689,"2023-05-28T09-30-00-Andy Taggart-Smith",0.146974558789824,-123.334007,48.866813
388690,"2023-05-28T09-30-00-Andy Taggart-Smith",0.117579647031859,-123.333598,48.866813
388691,"2023-05-28T09-30-00-Andy Taggart-Smith",0.146974558789824,-123.333189,48.866813
388692,"2023-05-28T09-30-00-Andy Taggart-Smith",0.598585568825624,-123.33278,48.866813
388693,"2023-05-28T09-30-00-Andy Taggart-Smith",0.357013874562108,-123.332371,48.866813
388694,"2023-05-28T09-30-00-Andy Taggart-Smith",0.176369470547788,-123.331962,48.866813
388695,"2023-05-28T09-30-00-Andy Taggart-Smith",0.117579647031859,-123.331553,48.866813
388696,"2023-05-28T09-30-00-Andy Taggart-Smith",0.0293949117579647,-123.331144,48.866813
388697,"2023-05-28T09-30-00-Andy Taggart-Smith",0.0293949117579647,-123.330735,48.866813
389373,"2020-04-24T13-17-00-Andrew Simon",0.316789772727273,-123.341778,48.866544
389373,"2023-05-28T09-30-00-Andy Taggart-Smith",0.0150537003345267,-123.341778,48.866544
389374,"2020-04-24T13-17-00-Andrew Simon",0.0905113636363636,-123.341369,48.866544
389375,"2020-04-24T13-17-00-Andrew Simon",0.4978125,-123.34096,48.866544
389376,"2020-04-24T13-17-00-Andrew Simon",0.407301136363636,-123.340551,48.866544
389389,"2023-05-28T09-30-00-Andy Taggart-Smith",0.0587898235159294,-123.335234,48.866544
389390,"2023-05-28T09-30-00-Andy Taggart-Smith",0.236584271885895,-123.334825,48.866544
389391,"2023-05-28T09-30-00-Andy Taggart-Smith",0.25235046113151,-123.334416,48.866544
389392,"2023-05-28T09-30-00-Andy Taggart-Smith",0.206476871216842,-123.334007,48.866544
389393,"2023-05-28T09-30-00-Andy Taggart-Smith",1.3844108082687,-123.333598,48.866544
389394,"2023-05-28T09-30-00-Andy Taggart-Smith",0.692470215388227,-123.333189,48.866544
389395,"2023-05-28T09-30-00-Andy Taggart-Smith",0.0903222020071601,-123.33278,48.866544
389398,"2023-05-28T09-30-00-Andy Taggart-Smith",0.0293949117579647,-123.331553,48.866544
389399,"2023-05-28T09-30-00-Andy Taggart-Smith",0.146974558789824,-123.331144,48.866544
389400,"2023-05-28T09-30-00-Andy Taggart-Smith",0.146974558789824,-123.330735,48.866544
389401,"2023-05-28T09-30-00-Andy Taggart-Smith",0.176369470547788,-123.330326,48.866544
389402,"2023-05-28T09-30-00-Andy Taggart-Smith",0.117579647031859,-123.329917,48.866544
390078,"2020-04-24T13-17-00-Andrew Simon",0.346960227272727,-123.34096,48.866275
390079,"2020-04-24T13-17-00-Andrew Simon",0.241363636363636,-123.340551,48.866275
390080,"2020-04-24T13-17-00-Andrew Simon",0.0754261363636363,-123.340142,48.866275
390081,"2020-04-24T13-17-00-Andrew Simon",0.0301704545454545,-123.339733,48.866275
390082,"2020-04-24T13-17-00-Andrew Simon",0.437471590909091,-123.339324,48.866275
390095,"2023-05-28T09-30-00-Andy Taggart-Smith",0.0903222020071601,-123.334007,48.866275
390096,"2023-05-28T09-30-00-Andy Taggart-Smith",0.0150537003345267,-123.333598,48.866275
390097,"2023-05-28T09-30-00-Andy Taggart-Smith",0.13548330301074,-123.333189,48.866275
390784,"2020-04-24T13-17-00-Andrew Simon",0.0150852272727273,-123.339733,48.866006
390785,"2020-04-24T13-17-00-Andrew Simon",0.0603409090909091,-123.339324,48.866006
390786,"2020-04-24T13-17-00-Andrew Simon",0.0603409090909091,-123.338915,48.866006
390787,"2020-04-24T13-17-00-Andrew Simon",0.0603409090909091,-123.338506,48.866006
390788,"2020-04-24T13-17-00-Andrew Simon",0.0452556818181818,-123.338097,48.866006
391489,"2020-04-24T13-17-00-Andrew Simon",0.196107954545455,-123.338915,48.865737
391490,"2020-04-24T13-17-00-Andrew Simon",0.0301704545454545,-123.338506,48.865737
391491,"2020-04-24T13-17-00-Andrew Simon",0.0301704545454545,-123.338097,48.865737
391492,"2020-04-24T13-17-00-Andrew Simon",0.196107954545455,-123.337688,48.865737
391493,"2020-04-24T13-17-00-Andrew Simon",0.120681818181818,-123.337279,48.865737
397082,"2022-06-09-Frank Lomer-1",0.066,-123.351594,48.863585
397083,"2022-06-09-Frank Lomer-1",0.066,-123.351185,48.863585
397169,"2022-06-14-Frank Lomer-3",0.036,-123.316011,48.863585
397785,"2022-06-09-Frank Lomer-1",0.066,-123.351594,48.863316
397786,"2022-06-09-Frank Lomer-1",0.066,-123.351185,48.863316
397872,"2022-06-14-Frank Lomer-3",0.036,-123.316011,48.863316
397873,"2022-06-14-Frank Lomer-3",0.108,-123.315602,48.863316
397874,"2022-06-14-Frank Lomer-3",0.144,-123.315193,48.863316
397875,"2022-06-14-Frank Lomer-3",0.144,-123.314784,48.863316
398488,"2022-06-09-Frank Lomer-1",0.198,-123.351594,48.863047
398489,"2022-06-09-Frank Lomer-1",0.66,-123.351185,48.863047
398489,"2022-06-17T08-44-00-Andrew Simon",0.159375,-123.351185,48.863047
398490,"2022-06-09-Frank Lomer-1",0.132,-123.350776,48.863047
398490,"2022-06-17T08-44-00-Andrew Simon",0.414375,-123.350776,48.863047
398559,"2022-06-14-Frank Lomer-3",0.072,-123.322555,48.863047
398560,"2022-06-14-Frank Lomer-3",0.108,-123.322146,48.863047
398578,"2022-06-14-Frank Lomer-3",0.036,-123.314784,48.863047
399191,"2022-06-17T08-44-00-Andrew Simon",0.095625,-123.351594,48.862778
399192,"2022-06-09-Frank Lomer-1",0.132,-123.351185,48.862778
399192,"2022-06-17T08-44-00-Andrew Simon",0.924375,-123.351185,48.862778
399193,"2022-06-09-Frank Lomer-1",0.396,-123.350776,48.862778
399193,"2022-06-17T08-44-00-Andrew Simon",0.031875,-123.350776,48.862778
399262,"2022-06-14-Frank Lomer-3",0.072,-123.322555,48.862778
399263,"2022-06-14-Frank Lomer-3",0.108,-123.322146,48.862778
399264,"2022-06-14-Frank Lomer-3",0.036,-123.321737,48.862778
399894,"2022-06-17T08-44-00-Andrew Simon",0.1275,-123.351594,48.862509
399895,"2022-06-09-Frank Lomer-1",0.132,-123.351185,48.862509
399895,"2022-06-17T08-44-00-Andrew Simon",0.31875,-123.351185,48.862509
399896,"2022-06-09-Frank Lomer-1",0.726,-123.350776,48.862509
399897,"2022-06-09-Frank Lomer-1",0.396,-123.350367,48.862509
399968,"2022-06-14-Frank Lomer-3",0.072,-123.321328,48.862509
400599,"2022-06-09-Frank Lomer-1",0.198,-123.350776,48.86224
400600,"2022-06-09-Frank Lomer-1",0.066,-123.350367,48.86224
